ISO-10303-21;
HEADER;
FILE_DESCRIPTION (( 'STEP AP203' ),
    '1' );
FILE_NAME ('fixture_base_final.STEP',
    '2025-05-02T16:41:20',
    ( '' ),
    ( '' ),
    'SwSTEP 2.0',
    'SolidWorks 2024',
    '' );
FILE_SCHEMA (( 'CONFIG_CONTROL_DESIGN' ));
ENDSEC;

DATA;
#1 = EDGE_CURVE ( 'NONE', #2137, #213, #1259, .T. ) ;
#2 = EDGE_CURVE ( 'NONE', #1632, #2855, #2711, .T. ) ;
#3 = DIRECTION ( 'NONE',  ( -0.000000000000000000, 1.000000000000000000, -0.000000000000000000 ) ) ;
#4 = CARTESIAN_POINT ( 'NONE',  ( -0.3750000000000002220, 0.1380000000000002058, 1.564250000000000584 ) ) ;
#5 = DIRECTION ( 'NONE',  ( -0.000000000000000000, 1.000000000000000000, -0.000000000000000000 ) ) ;
#6 = ORIENTED_EDGE ( 'NONE', *, *, #632, .T. ) ;
#7 = CARTESIAN_POINT ( 'NONE',  ( -0.3750000000000002220, 0.2500000000000001110, 1.365600000000000369 ) ) ;
#8 = EDGE_CURVE ( 'NONE', #1204, #214, #377, .T. ) ;
#9 = EDGE_LOOP ( 'NONE', ( #1633, #1216, #1248, #716 ) ) ;
#10 = DIRECTION ( 'NONE',  ( -9.106159978880878627E-17, 0.000000000000000000, -1.000000000000000000 ) ) ;
#11 = VERTEX_POINT ( 'NONE', #2836 ) ;
#12 = VERTEX_POINT ( 'NONE', #2369 ) ;
#13 = DIRECTION ( 'NONE',  ( 0.000000000000000000, 0.000000000000000000, 1.000000000000000000 ) ) ;
#14 = VECTOR ( 'NONE', #1246, 39.37007874015748143 ) ;
#15 = DIRECTION ( 'NONE',  ( -0.000000000000000000, -1.000000000000000000, 0.000000000000000000 ) ) ;
#16 = VECTOR ( 'NONE', #1820, 39.37007874015748143 ) ;
#17 = DIRECTION ( 'NONE',  ( -0.000000000000000000, 1.000000000000000000, -0.000000000000000000 ) ) ;
#18 = DIRECTION ( 'NONE',  ( 0.000000000000000000, -0.000000000000000000, 1.000000000000000000 ) ) ;
#19 = DIRECTION ( 'NONE',  ( 0.000000000000000000, 1.000000000000000000, 0.000000000000000000 ) ) ;
#20 = EDGE_CURVE ( 'NONE', #566, #920, #472, .T. ) ;
#21 = CARTESIAN_POINT ( 'NONE',  ( -1.605000000000000204, 0.2500000000000000000, -1.999999999999999334 ) ) ;
#22 = ORIENTED_EDGE ( 'NONE', *, *, #2713, .T. ) ;
#23 = AXIS2_PLACEMENT_3D ( 'NONE', #2712, #1791, #251 ) ;
#24 = CIRCLE ( 'NONE', #1413, 0.06425000000000041789 ) ;
#25 = DIRECTION ( 'NONE',  ( -0.000000000000000000, 1.000000000000000000, -0.000000000000000000 ) ) ;
#26 = AXIS2_PLACEMENT_3D ( 'NONE', #2351, #106, #2539 ) ;
#27 = CC_DESIGN_SECURITY_CLASSIFICATION ( #486, ( #893 ) ) ;
#28 = EDGE_LOOP ( 'NONE', ( #2445, #382, #455, #2576 ) ) ;
#29 = DIRECTION ( 'NONE',  ( -0.000000000000000000, 1.000000000000000000, -0.000000000000000000 ) ) ;
#30 = VERTEX_POINT ( 'NONE', #355 ) ;
#31 = ORIENTED_EDGE ( 'NONE', *, *, #2705, .T. ) ;
#32 = AXIS2_PLACEMENT_3D ( 'NONE', #2637, #2453, #636 ) ;
#33 = AXIS2_PLACEMENT_3D ( 'NONE', #1566, #1101, #1365 ) ;
#34 = CIRCLE ( 'NONE', #1235, 0.02000000000000005940 ) ;
#35 = CARTESIAN_POINT ( 'NONE',  ( -1.125000000000000666, 0.2500000000000001110, -0.7499999999999997780 ) ) ;
#36 = DIRECTION ( 'NONE',  ( -0.000000000000000000, 1.000000000000000000, -0.000000000000000000 ) ) ;
#37 = PLANE ( 'NONE',  #2076 ) ;
#38 = LINE ( 'NONE', #918, #2533 ) ;
#39 = DIRECTION ( 'NONE',  ( -0.000000000000000000, 1.000000000000000000, -0.000000000000000000 ) ) ;
#40 = ORIENTED_EDGE ( 'NONE', *, *, #809, .T. ) ;
#41 = EDGE_CURVE ( 'NONE', #284, #2750, #1294, .T. ) ;
#42 = CARTESIAN_POINT ( 'NONE',  ( -0.3750000000000002220, 0.2250000000000000611, 1.500000000000000444 ) ) ;
#43 = ADVANCED_FACE ( 'NONE', ( #2393 ), #194, .F. ) ;
#44 = ORIENTED_EDGE ( 'NONE', *, *, #1029, .F. ) ;
#45 = VERTEX_POINT ( 'NONE', #1698 ) ;
#46 = CARTESIAN_POINT ( 'NONE',  ( -1.125000000000000444, 0.2250000000000000611, -0.1093999999999995254 ) ) ;
#47 = ADVANCED_FACE ( 'NONE', ( #188 ), #833, .F. ) ;
#48 = CARTESIAN_POINT ( 'NONE',  ( -1.125000000000000666, 0.2500000000000000000, -1.564250000000000140 ) ) ;
#49 = SPHERICAL_SURFACE ( 'NONE', #2663, 0.02000000000000000042 ) ;
#50 = CYLINDRICAL_SURFACE ( 'NONE', #311, 0.06425000000000014033 ) ;
#51 = CARTESIAN_POINT ( 'NONE',  ( -1.605000000000000204, 0.01999999999999999001, -1.999999999999999334 ) ) ;
#52 = DIRECTION ( 'NONE',  ( 0.000000000000000000, 0.000000000000000000, -1.000000000000000000 ) ) ;
#53 = CARTESIAN_POINT ( 'NONE',  ( 1.124999999999999778, 0.000000000000000000, 1.435750000000000304 ) ) ;
#54 = DIRECTION ( 'NONE',  ( 1.000000000000000000, -0.000000000000000000, 0.000000000000000000 ) ) ;
#55 = VERTEX_POINT ( 'NONE', #147 ) ;
#56 = DIRECTION ( 'NONE',  ( 8.659560562354943952E-17, 0.7071067811865464625, -0.7071067811865484609 ) ) ;
#57 = AXIS2_PLACEMENT_3D ( 'NONE', #706, #2749, #2706 ) ;
#58 = ORIENTED_EDGE ( 'NONE', *, *, #1903, .T. ) ;
#59 = ORIENTED_EDGE ( 'NONE', *, *, #727, .F. ) ;
#60 = FACE_OUTER_BOUND ( 'NONE', #2503, .T. ) ;
#61 = LINE ( 'NONE', #2694, #1500 ) ;
#62 = EDGE_CURVE ( 'NONE', #2342, #717, #1253, .T. ) ;
#63 = CARTESIAN_POINT ( 'NONE',  ( -0.6250000000000000000, 0.2300000000000000100, 1.145000000000000018 ) ) ;
#64 = CARTESIAN_POINT ( 'NONE',  ( 0.3749999999999998335, 0.1380000000000002058, 1.564250000000000584 ) ) ;
#65 = CIRCLE ( 'NONE', #1122, 0.1799999999999999933 ) ;
#66 = CARTESIAN_POINT ( 'NONE',  ( -1.125000000000000222, 0.1380000000000002058, 1.435749999999999860 ) ) ;
#67 = CARTESIAN_POINT ( 'NONE',  ( 0.3749999999999998335, 0.000000000000000000, 1.564250000000000362 ) ) ;
#68 = CARTESIAN_POINT ( 'NONE',  ( -1.125000000000000222, 0.1380000000000002058, 1.609399999999999942 ) ) ;
#69 = ORIENTED_EDGE ( 'NONE', *, *, #781, .F. ) ;
#70 = ORIENTED_EDGE ( 'NONE', *, *, #762, .F. ) ;
#71 = AXIS2_PLACEMENT_3D ( 'NONE', #1520, #1802, #2239 ) ;
#72 = CARTESIAN_POINT ( 'NONE',  ( -1.125000000000000222, 0.2500000000000001110, 1.365600000000000369 ) ) ;
#73 = ORIENTED_EDGE ( 'NONE', *, *, #1863, .F. ) ;
#74 = EDGE_LOOP ( 'NONE', ( #177, #995, #1159, #98 ) ) ;
#75 = LINE ( 'NONE', #1845, #644 ) ;
#76 = CIRCLE ( 'NONE', #848, 0.1343999999999997974 ) ;
#77 = VERTEX_POINT ( 'NONE', #1509 ) ;
#78 = EDGE_CURVE ( 'NONE', #666, #815, #65, .T. ) ;
#79 = AXIS2_PLACEMENT_3D ( 'NONE', #2142, #1685, #2828 ) ;
#80 = DIRECTION ( 'NONE',  ( 0.000000000000000000, 0.000000000000000000, 1.000000000000000000 ) ) ;
#81 = CARTESIAN_POINT ( 'NONE',  ( -1.125000000000000444, 0.2500000000000001110, 0.7500000000000003331 ) ) ;
#82 = CIRCLE ( 'NONE', #2132, 0.1343999999999999362 ) ;
#83 = DIRECTION ( 'NONE',  ( -0.000000000000000000, 1.000000000000000000, -0.000000000000000000 ) ) ;
#84 = FACE_OUTER_BOUND ( 'NONE', #2508, .T. ) ;
#85 = EDGE_LOOP ( 'NONE', ( #128, #1038 ) ) ;
#86 = DIRECTION ( 'NONE',  ( 0.000000000000000000, -0.000000000000000000, -1.000000000000000000 ) ) ;
#87 = ORIENTED_EDGE ( 'NONE', *, *, #1588, .F. ) ;
#88 = VERTEX_POINT ( 'NONE', #1240 ) ;
#89 = AXIS2_PLACEMENT_3D ( 'NONE', #392, #1057, #2597 ) ;
#90 = DIRECTION ( 'NONE',  ( 0.000000000000000000, -0.000000000000000000, 1.000000000000000000 ) ) ;
#91 = VERTEX_POINT ( 'NONE', #1494 ) ;
#92 = PERSON_AND_ORGANIZATION_ROLE ( 'design_owner' ) ;
#93 = EDGE_CURVE ( 'NONE', #2280, #284, #1309, .T. ) ;
#94 = DIRECTION ( 'NONE',  ( 0.000000000000000000, 0.000000000000000000, 1.000000000000000000 ) ) ;
#95 = CC_DESIGN_DATE_AND_TIME_ASSIGNMENT ( #2577, #971, ( #1504 ) ) ;
#96 = DIRECTION ( 'NONE',  ( -0.000000000000000000, 1.000000000000000000, -0.000000000000000000 ) ) ;
#97 = SPHERICAL_SURFACE ( 'NONE', #1089, 0.02000000000000000042 ) ;
#98 = ORIENTED_EDGE ( 'NONE', *, *, #2, .T. ) ;
#99 = EDGE_CURVE ( 'NONE', #859, #735, #1822, .T. ) ;
#100 = DIRECTION ( 'NONE',  ( 0.000000000000000000, 0.000000000000000000, 1.000000000000000000 ) ) ;
#101 = ORIENTED_EDGE ( 'NONE', *, *, #105, .F. ) ;
#102 = ORIENTED_EDGE ( 'NONE', *, *, #2300, .F. ) ;
#103 = DIRECTION ( 'NONE',  ( -0.000000000000000000, 1.000000000000000000, -0.000000000000000000 ) ) ;
#104 = ORIENTED_EDGE ( 'NONE', *, *, #1245, .F. ) ;
#105 = EDGE_CURVE ( 'NONE', #1860, #2220, #1584, .T. ) ;
#106 = DIRECTION ( 'NONE',  ( -0.000000000000000000, 1.000000000000000000, -0.000000000000000000 ) ) ;
#107 = EDGE_CURVE ( 'NONE', #2191, #332, #1955, .T. ) ;
#108 = DIRECTION ( 'NONE',  ( 0.000000000000000000, 0.000000000000000000, 1.000000000000000000 ) ) ;
#109 = CARTESIAN_POINT ( 'NONE',  ( -0.6250000000000000000, 0.2300000000000000100, 1.000000000000000000 ) ) ;
#110 = ORIENTED_EDGE ( 'NONE', *, *, #2793, .T. ) ;
#111 = AXIS2_PLACEMENT_3D ( 'NONE', #997, #1925, #1690 ) ;
#112 = DIRECTION ( 'NONE',  ( 0.000000000000000000, 0.000000000000000000, 1.000000000000000000 ) ) ;
#113 = VERTEX_POINT ( 'NONE', #1919 ) ;
#114 = CIRCLE ( 'NONE', #1725, 0.06425000000000027911 ) ;
#115 = ORIENTED_EDGE ( 'NONE', *, *, #2107, .F. ) ;
#116 = CARTESIAN_POINT ( 'NONE',  ( -0.7142307692307692246, 0.2500000000000000000, 0.8857070876104504720 ) ) ;
#117 = VECTOR ( 'NONE', #2728, 39.37007874015748143 ) ;
#118 = ORIENTED_EDGE ( 'NONE', *, *, #1120, .F. ) ;
#119 = COORDINATED_UNIVERSAL_TIME_OFFSET ( 0, 0, .AHEAD. ) ;
#120 = AXIS2_PLACEMENT_3D ( 'NONE', #863, #155, #1750 ) ;
#121 = CARTESIAN_POINT ( 'NONE',  ( 1.124999999999999778, 0.1380000000000002058, 1.564250000000000584 ) ) ;
#122 = CIRCLE ( 'NONE', #584, 0.1343999999999999362 ) ;
#123 = DIRECTION ( 'NONE',  ( 0.000000000000000000, 0.000000000000000000, 1.000000000000000000 ) ) ;
#124 = DIRECTION ( 'NONE',  ( 0.000000000000000000, 0.000000000000000000, 1.000000000000000000 ) ) ;
#125 = ORIENTED_EDGE ( 'NONE', *, *, #1491, .T. ) ;
#126 = DIRECTION ( 'NONE',  ( 8.659560562354943952E-17, 0.7071067811865464625, -0.7071067811865484609 ) ) ;
#127 = EDGE_CURVE ( 'NONE', #369, #259, #2814, .T. ) ;
#128 = ORIENTED_EDGE ( 'NONE', *, *, #2670, .T. ) ;
#129 = EDGE_CURVE ( 'NONE', #492, #2342, #2573, .T. ) ;
#130 = CARTESIAN_POINT ( 'NONE',  ( -1.125000000000000666, 0.1380000000000002058, -0.8142500000000002514 ) ) ;
#131 = VERTEX_POINT ( 'NONE', #596 ) ;
#132 = APPLICATION_PROTOCOL_DEFINITION ( 'international standard', 'config_control_design', 1994, #1035 ) ;
#133 = EDGE_CURVE ( 'NONE', #492, #1609, #1484, .T. ) ;
#134 = DIRECTION ( 'NONE',  ( 0.000000000000000000, -1.000000000000000000, 0.000000000000000000 ) ) ;
#135 = CIRCLE ( 'NONE', #1749, 0.06425000000000000155 ) ;
#136 = DIRECTION ( 'NONE',  ( 0.000000000000000000, 0.000000000000000000, 1.000000000000000000 ) ) ;
#137 = CARTESIAN_POINT ( 'NONE',  ( 0.3749999999999998335, 0.1380000000000002058, 1.500000000000000444 ) ) ;
#138 = CARTESIAN_POINT ( 'NONE',  ( -1.125000000000000666, 0.1380000000000002058, -0.7499999999999997780 ) ) ;
#139 = DIRECTION ( 'NONE',  ( 8.659560562354895880E-17, 0.7071067811865503483, -0.7071067811865444641 ) ) ;
#140 = ORIENTED_EDGE ( 'NONE', *, *, #2295, .T. ) ;
#141 = DIRECTION ( 'NONE',  ( -1.000000000000000000, 0.000000000000000000, 0.000000000000000000 ) ) ;
#142 = ORIENTED_EDGE ( 'NONE', *, *, #998, .F. ) ;
#143 = AXIS2_PLACEMENT_3D ( 'NONE', #1145, #969, #2551 ) ;
#144 = DIRECTION ( 'NONE',  ( 0.000000000000000000, 0.000000000000000000, 1.000000000000000000 ) ) ;
#145 = CARTESIAN_POINT ( 'NONE',  ( -0.3750000000000002220, 0.1380000000000002058, 1.390600000000000502 ) ) ;
#146 = DIRECTION ( 'NONE',  ( -0.000000000000000000, 1.000000000000000000, -0.000000000000000000 ) ) ;
#147 = CARTESIAN_POINT ( 'NONE',  ( -1.625000000000000222, 0.01999999999999999001, -1.979999999999999316 ) ) ;
#148 = DIRECTION ( 'NONE',  ( -0.000000000000000000, 0.000000000000000000, 1.000000000000000000 ) ) ;
#149 = VECTOR ( 'NONE', #1745, 39.37007874015748143 ) ;
#150 = ORIENTED_EDGE ( 'NONE', *, *, #2648, .T. ) ;
#151 = DIRECTION ( 'NONE',  ( -0.000000000000000000, -0.000000000000000000, 1.000000000000000000 ) ) ;
#152 = ORIENTED_EDGE ( 'NONE', *, *, #2598, .F. ) ;
#153 = AXIS2_PLACEMENT_3D ( 'NONE', #1131, #36, #1550 ) ;
#154 = CIRCLE ( 'NONE', #2665, 0.1093999999999997891 ) ;
#155 = DIRECTION ( 'NONE',  ( -0.000000000000000000, 1.000000000000000000, -0.000000000000000000 ) ) ;
#156 = EDGE_CURVE ( 'NONE', #77, #735, #2380, .T. ) ;
#157 = AXIS2_PLACEMENT_3D ( 'NONE', #184, #616, #1305 ) ;
#158 = DIRECTION ( 'NONE',  ( -0.000000000000000000, 1.000000000000000000, -0.000000000000000000 ) ) ;
#159 = DIRECTION ( 'NONE',  ( -0.000000000000000000, 1.000000000000000000, -0.000000000000000000 ) ) ;
#160 = DIRECTION ( 'NONE',  ( 1.000000000000000000, -0.000000000000000000, -0.000000000000000000 ) ) ;
#161 = CIRCLE ( 'NONE', #2356, 0.1093999999999999279 ) ;
#162 = AXIS2_PLACEMENT_3D ( 'NONE', #2785, #2381, #1254 ) ;
#163 = CIRCLE ( 'NONE', #805, 0.02000000000000005940 ) ;
#164 = VECTOR ( 'NONE', #10, 39.37007874015748143 ) ;
#165 = DIRECTION ( 'NONE',  ( -0.000000000000000000, -1.000000000000000000, 0.000000000000000000 ) ) ;
#166 = ORIENTED_EDGE ( 'NONE', *, *, #692, .F. ) ;
#167 = CARTESIAN_POINT ( 'NONE',  ( -0.5264716272503886518, 0.1250000000000000000, 1.076923076923077094 ) ) ;
#168 = VERTEX_POINT ( 'NONE', #2606 ) ;
#169 = CARTESIAN_POINT ( 'NONE',  ( -0.6250000000000000000, 0.1250000000000000000, 0.7438262308510098508 ) ) ;
#170 = TOROIDAL_SURFACE ( 'NONE', #1801, 0.1450000000000000455, 0.02000000000000000042 ) ;
#171 = DIRECTION ( 'NONE',  ( 0.000000000000000000, 1.000000000000000000, 0.000000000000000000 ) ) ;
#172 = DIRECTION ( 'NONE',  ( 0.000000000000000000, 0.000000000000000000, 1.000000000000000000 ) ) ;
#173 = EDGE_CURVE ( 'NONE', #859, #214, #1283, .T. ) ;
#174 = DIRECTION ( 'NONE',  ( -0.000000000000000000, 1.000000000000000000, -0.000000000000000000 ) ) ;
#175 = EDGE_CURVE ( 'NONE', #1034, #2091, #552, .T. ) ;
#176 = DIRECTION ( 'NONE',  ( -0.000000000000000000, 1.000000000000000000, -0.000000000000000000 ) ) ;
#177 = ORIENTED_EDGE ( 'NONE', *, *, #2858, .F. ) ;
#178 = EDGE_CURVE ( 'NONE', #958, #502, #2774, .T. ) ;
#179 = EDGE_LOOP ( 'NONE', ( #1176, #638, #898, #699 ) ) ;
#180 = FACE_OUTER_BOUND ( 'NONE', #2662, .T. ) ;
#181 = EDGE_LOOP ( 'NONE', ( #2654, #2534, #1441 ) ) ;
#182 = ORIENTED_EDGE ( 'NONE', *, *, #133, .F. ) ;
#183 = DIRECTION ( 'NONE',  ( -0.000000000000000000, -1.000000000000000000, -0.000000000000000000 ) ) ;
#184 = CARTESIAN_POINT ( 'NONE',  ( -1.125000000000000666, 0.2500000000000001110, -1.499999999999999778 ) ) ;
#185 = EDGE_CURVE ( 'NONE', #131, #1513, #321, .T. ) ;
#186 = DIRECTION ( 'NONE',  ( -0.000000000000000000, 1.000000000000000000, -0.000000000000000000 ) ) ;
#187 = DIRECTION ( 'NONE',  ( 0.000000000000000000, 0.000000000000000000, 1.000000000000000000 ) ) ;
#188 = FACE_OUTER_BOUND ( 'NONE', #1515, .T. ) ;
#189 = EDGE_CURVE ( 'NONE', #2873, #1711, #1335, .T. ) ;
#190 = CARTESIAN_POINT ( 'NONE',  ( -0.6250000000000003331, 0.1250000000000000000, -1.979999999999999316 ) ) ;
#191 = ORIENTED_EDGE ( 'NONE', *, *, #524, .F. ) ;
#192 = ORIENTED_EDGE ( 'NONE', *, *, #938, .T. ) ;
#193 = FACE_OUTER_BOUND ( 'NONE', #400, .T. ) ;
#194 = CONICAL_SURFACE ( 'NONE', #243, 0.1343999999999997974, 0.7853981633974441712 ) ;
#195 = EDGE_LOOP ( 'NONE', ( #840, #307, #1953, #2382 ) ) ;
#196 = VERTEX_POINT ( 'NONE', #1322 ) ;
#197 = DIRECTION ( 'NONE',  ( 0.000000000000000000, 0.000000000000000000, -1.000000000000000000 ) ) ;
#198 = DIRECTION ( 'NONE',  ( -0.000000000000000000, 1.000000000000000000, -0.000000000000000000 ) ) ;
#199 = AXIS2_PLACEMENT_3D ( 'NONE', #820, #585, #2407 ) ;
#200 = CARTESIAN_POINT ( 'NONE',  ( 1.624999999999999778, 0.2500000000000000000, -1.979999999999999316 ) ) ;
#201 = CARTESIAN_POINT ( 'NONE',  ( -1.604999999999999760, 0.2300000000000000100, 1.980000000000000426 ) ) ;
#202 = CARTESIAN_POINT ( 'NONE',  ( -1.125000000000000444, 0.1380000000000002058, 0.8142500000000006954 ) ) ;
#203 = ORIENTED_EDGE ( 'NONE', *, *, #1643, .F. ) ;
#204 = AXIS2_PLACEMENT_3D ( 'NONE', #959, #2790, #1442 ) ;
#205 = DIRECTION ( 'NONE',  ( 0.000000000000000000, 0.000000000000000000, 1.000000000000000000 ) ) ;
#206 = AXIS2_PLACEMENT_3D ( 'NONE', #1238, #1045, #1916 ) ;
#207 = ORIENTED_EDGE ( 'NONE', *, *, #2773, .F. ) ;
#208 = CIRCLE ( 'NONE', #2357, 0.02000000000000005940 ) ;
#209 = DIRECTION ( 'NONE',  ( -1.000000000000000000, 0.000000000000000000, -0.000000000000000000 ) ) ;
#210 = DIRECTION ( 'NONE',  ( 1.000000000000000000, -0.000000000000000000, -0.000000000000000000 ) ) ;
#211 = CONICAL_SURFACE ( 'NONE', #1001, 0.1343999999999999362, 0.7853981633974497223 ) ;
#212 = EDGE_CURVE ( 'NONE', #55, #2322, #1994, .T. ) ;
#213 = VERTEX_POINT ( 'NONE', #665 ) ;
#214 = VERTEX_POINT ( 'NONE', #1086 ) ;
#215 = EDGE_CURVE ( 'NONE', #2521, #799, #2866, .T. ) ;
#216 = AXIS2_PLACEMENT_3D ( 'NONE', #51, #708, #2041 ) ;
#217 = CARTESIAN_POINT ( 'NONE',  ( -1.125000000000000222, 0.2250000000000000611, 1.390600000000000502 ) ) ;
#218 = DIRECTION ( 'NONE',  ( 1.000000000000000000, -0.000000000000000000, 0.000000000000000000 ) ) ;
#219 = EDGE_CURVE ( 'NONE', #1049, #228, #222, .T. ) ;
#220 = FACE_OUTER_BOUND ( 'NONE', #2748, .T. ) ;
#221 = DIRECTION ( 'NONE',  ( 0.000000000000000000, 1.000000000000000000, -0.000000000000000000 ) ) ;
#222 = LINE ( 'NONE', #880, #2456 ) ;
#223 = EDGE_LOOP ( 'NONE', ( #2784, #670 ) ) ;
#224 = LINE ( 'NONE', #698, #488 ) ;
#225 = ORIENTED_EDGE ( 'NONE', *, *, #2188, .T. ) ;
#226 = LINE ( 'NONE', #2486, #852 ) ;
#227 = EDGE_LOOP ( 'NONE', ( #2839, #1316 ) ) ;
#228 = VERTEX_POINT ( 'NONE', #202 ) ;
#229 = EDGE_CURVE ( 'NONE', #836, #1886, #2823, .T. ) ;
#230 = FACE_OUTER_BOUND ( 'NONE', #2078, .T. ) ;
#231 = PRODUCT_DEFINITION_SHAPE ( 'NONE', 'NONE',  #1504 ) ;
#232 = CARTESIAN_POINT ( 'NONE',  ( 1.124999999999999778, 0.2500000000000000000, 1.564250000000000584 ) ) ;
#233 = FACE_OUTER_BOUND ( 'NONE', #733, .T. ) ;
#234 = DIRECTION ( 'NONE',  ( 0.000000000000000000, 1.000000000000000000, 0.000000000000000000 ) ) ;
#235 = DIRECTION ( 'NONE',  ( 0.000000000000000000, 0.000000000000000000, -1.000000000000000000 ) ) ;
#236 = DIRECTION ( 'NONE',  ( -0.000000000000000000, 1.000000000000000000, -0.000000000000000000 ) ) ;
#237 = EDGE_LOOP ( 'NONE', ( #166, #688 ) ) ;
#238 = CARTESIAN_POINT ( 'NONE',  ( 1.124999999999999778, 0.2500000000000001110, 1.500000000000000444 ) ) ;
#239 = ORIENTED_EDGE ( 'NONE', *, *, #1712, .T. ) ;
#240 = LINE ( 'NONE', #1823, #1087 ) ;
#241 = ORIENTED_EDGE ( 'NONE', *, *, #2791, .F. ) ;
#242 = ORIENTED_EDGE ( 'NONE', *, *, #1443, .F. ) ;
#243 = AXIS2_PLACEMENT_3D ( 'NONE', #2826, #1460, #1015 ) ;
#244 = FACE_OUTER_BOUND ( 'NONE', #1021, .T. ) ;
#245 = CIRCLE ( 'NONE', #1221, 0.1343999999999999362 ) ;
#246 = DIRECTION ( 'NONE',  ( 9.106159978880878627E-17, 0.000000000000000000, 1.000000000000000000 ) ) ;
#247 = DIRECTION ( 'NONE',  ( 0.000000000000000000, 0.000000000000000000, -1.000000000000000000 ) ) ;
#248 = DIRECTION ( 'NONE',  ( 0.000000000000000000, 0.000000000000000000, 1.000000000000000000 ) ) ;
#249 = DIRECTION ( 'NONE',  ( -0.000000000000000000, 1.000000000000000000, -0.000000000000000000 ) ) ;
#250 = EDGE_CURVE ( 'NONE', #2489, #1403, #1053, .T. ) ;
#251 = DIRECTION ( 'NONE',  ( 0.000000000000000000, 0.000000000000000000, 1.000000000000000000 ) ) ;
#252 = VECTOR ( 'NONE', #1976, 39.37007874015748143 ) ;
#253 = ADVANCED_FACE ( 'NONE', ( #419 ), #170, .T. ) ;
#254 = CARTESIAN_POINT ( 'NONE',  ( -0.6450000000000003508, 0.1250000000000000000, -1.979999999999999316 ) ) ;
#255 = VERTEX_POINT ( 'NONE', #1552 ) ;
#256 = VECTOR ( 'NONE', #246, 39.37007874015748143 ) ;
#257 = ADVANCED_FACE ( 'NONE', ( #1579 ), #452, .T. ) ;
#258 = CARTESIAN_POINT ( 'NONE',  ( -1.125000000000000444, 0.1380000000000002058, 2.731847993664263218E-16 ) ) ;
#259 = VERTEX_POINT ( 'NONE', #1522 ) ;
#260 = ORIENTED_EDGE ( 'NONE', *, *, #1285, .F. ) ;
#261 = VECTOR ( 'NONE', #901, 39.37007874015748143 ) ;
#262 = CIRCLE ( 'NONE', #1926, 0.02000000000000005940 ) ;
#263 = DIRECTION ( 'NONE',  ( -0.000000000000000000, 1.000000000000000000, -0.000000000000000000 ) ) ;
#264 = FACE_OUTER_BOUND ( 'NONE', #1883, .T. ) ;
#265 = DIRECTION ( 'NONE',  ( -0.000000000000000000, 1.000000000000000000, -0.000000000000000000 ) ) ;
#266 = DIRECTION ( 'NONE',  ( 0.000000000000000000, 0.000000000000000000, 1.000000000000000000 ) ) ;
#267 = DIRECTION ( 'NONE',  ( 0.000000000000000000, -1.000000000000000000, 0.000000000000000000 ) ) ;
#268 = CARTESIAN_POINT ( 'NONE',  ( -0.3750000000000002220, 0.1380000000000002058, 1.435749999999999860 ) ) ;
#269 = CARTESIAN_POINT ( 'NONE',  ( -1.125000000000000666, 0.1380000000000002058, -0.7499999999999997780 ) ) ;
#270 = EDGE_LOOP ( 'NONE', ( #1809, #1397 ) ) ;
#271 = DIRECTION ( 'NONE',  ( 0.000000000000000000, 0.000000000000000000, 1.000000000000000000 ) ) ;
#272 = ORIENTED_EDGE ( 'NONE', *, *, #1130, .T. ) ;
#273 = ORIENTED_EDGE ( 'NONE', *, *, #2793, .F. ) ;
#274 = EDGE_CURVE ( 'NONE', #502, #113, #2640, .T. ) ;
#275 = ORIENTED_EDGE ( 'NONE', *, *, #2288, .T. ) ;
#276 = CARTESIAN_POINT ( 'NONE',  ( 1.605000000000000204, 0.01999999999999999001, 2.000000000000000444 ) ) ;
#277 = CARTESIAN_POINT ( 'NONE',  ( 1.124999999999999778, 0.2500000000000001110, 1.634400000000000297 ) ) ;
#278 = DIRECTION ( 'NONE',  ( -1.000000000000000000, 0.000000000000000000, 0.000000000000000000 ) ) ;
#279 = DIRECTION ( 'NONE',  ( -0.000000000000000000, 1.000000000000000000, -0.000000000000000000 ) ) ;
#280 = CARTESIAN_POINT ( 'NONE',  ( -0.3750000000000002220, 0.1380000000000002058, 1.500000000000000444 ) ) ;
#281 = CARTESIAN_POINT ( 'NONE',  ( 1.124999999999999778, 0.2500000000000000000, 1.500000000000000444 ) ) ;
#282 = CARTESIAN_POINT ( 'NONE',  ( -1.125000000000000444, 0.2250000000000000611, 2.731847993664263218E-16 ) ) ;
#283 = ORIENTED_EDGE ( 'NONE', *, *, #1023, .F. ) ;
#284 = VERTEX_POINT ( 'NONE', #2851 ) ;
#285 = DIRECTION ( 'NONE',  ( 0.000000000000000000, 0.000000000000000000, 1.000000000000000000 ) ) ;
#286 = AXIS2_PLACEMENT_3D ( 'NONE', #35, #1529, #428 ) ;
#287 = ORIENTED_EDGE ( 'NONE', *, *, #2224, .T. ) ;
#288 = ADVANCED_FACE ( 'NONE', ( #2199 ), #2479, .T. ) ;
#289 = ORIENTED_EDGE ( 'NONE', *, *, #1796, .T. ) ;
#290 = DIRECTION ( 'NONE',  ( 0.000000000000000000, 0.000000000000000000, 1.000000000000000000 ) ) ;
#291 = VERTEX_POINT ( 'NONE', #1352 ) ;
#292 = CARTESIAN_POINT ( 'NONE',  ( -0.6250000000000000000, 0.1250000000000000000, 0.7438262308510098508 ) ) ;
#293 = CYLINDRICAL_SURFACE ( 'NONE', #723, 0.06425000000000027911 ) ;
#294 = DIRECTION ( 'NONE',  ( -0.000000000000000000, 1.365923996832132122E-14, -1.000000000000000000 ) ) ;
#295 = DIRECTION ( 'NONE',  ( 0.000000000000000000, 1.000000000000000000, 0.000000000000000000 ) ) ;
#296 = FACE_OUTER_BOUND ( 'NONE', #1747, .T. ) ;
#297 = ORIENTED_EDGE ( 'NONE', *, *, #1022, .T. ) ;
#298 = CONICAL_SURFACE ( 'NONE', #889, 0.1344000000000000750, 0.7853981633974497223 ) ;
#299 = CONICAL_SURFACE ( 'NONE', #660, 0.1344000000000000750, 0.7853981633974497223 ) ;
#300 = VECTOR ( 'NONE', #526, 39.37007874015748143 ) ;
#301 = DIRECTION ( 'NONE',  ( -1.365923996832131609E-16, 0.000000000000000000, -1.000000000000000000 ) ) ;
#302 = ORIENTED_EDGE ( 'NONE', *, *, #2107, .T. ) ;
#303 = VECTOR ( 'NONE', #2430, 39.37007874015748854 ) ;
#304 = EDGE_LOOP ( 'NONE', ( #1173, #491 ) ) ;
#305 = EDGE_CURVE ( 'NONE', #168, #1049, #135, .T. ) ;
#306 = LINE ( 'NONE', #2721, #1166 ) ;
#307 = ORIENTED_EDGE ( 'NONE', *, *, #1367, .F. ) ;
#308 = CALENDAR_DATE ( 2025, 2, 5 ) ;
#309 = CC_DESIGN_PERSON_AND_ORGANIZATION_ASSIGNMENT ( #1678, #92, ( #1498 ) ) ;
#310 = AXIS2_PLACEMENT_3D ( 'NONE', #1508, #1944, #2408 ) ;
#311 = AXIS2_PLACEMENT_3D ( 'NONE', #2024, #879, #927 ) ;
#312 = CARTESIAN_POINT ( 'NONE',  ( -1.125000000000000222, 0.2500000000000001110, 1.634400000000000519 ) ) ;
#313 = EDGE_CURVE ( 'NONE', #2091, #1034, #506, .T. ) ;
#314 = LINE ( 'NONE', #2753, #1967 ) ;
#315 = DIRECTION ( 'NONE',  ( 0.000000000000000000, 0.000000000000000000, 1.000000000000000000 ) ) ;
#316 = EDGE_LOOP ( 'NONE', ( #749, #283, #1653, #1732 ) ) ;
#317 = LINE ( 'NONE', #2318, #2025 ) ;
#318 = ORIENTED_EDGE ( 'NONE', *, *, #189, .T. ) ;
#319 = ADVANCED_BREP_SHAPE_REPRESENTATION ( 'fixture_base_final', ( #1949, #204 ), #1271 ) ;
#320 = ORIENTED_EDGE ( 'NONE', *, *, #133, .T. ) ;
#321 = CIRCLE ( 'NONE', #2594, 0.1344000000000000750 ) ;
#322 = FACE_BOUND ( 'NONE', #1869, .T. ) ;
#323 = VERTEX_POINT ( 'NONE', #866 ) ;
#324 = ADVANCED_FACE ( 'NONE', ( #1755 ), #2647, .T. ) ;
#325 = EDGE_CURVE ( 'NONE', #1512, #1938, #1558, .T. ) ;
#326 = PLANE ( 'NONE',  #2667 ) ;
#327 = CARTESIAN_POINT ( 'NONE',  ( -1.125000000000000666, 0.2500000000000001110, -0.8843999999999997419 ) ) ;
#328 = CARTESIAN_POINT ( 'NONE',  ( -1.125000000000000666, 0.1380000000000002058, -1.499999999999999778 ) ) ;
#329 = ORIENTED_EDGE ( 'NONE', *, *, #1406, .F. ) ;
#330 = FACE_OUTER_BOUND ( 'NONE', #1895, .T. ) ;
#331 = ORIENTED_EDGE ( 'NONE', *, *, #2582, .F. ) ;
#332 = VERTEX_POINT ( 'NONE', #64 ) ;
#333 = DIRECTION ( 'NONE',  ( 1.365923996832131609E-16, -0.000000000000000000, 1.000000000000000000 ) ) ;
#334 = ORIENTED_EDGE ( 'NONE', *, *, #2042, .F. ) ;
#335 = PERSON_AND_ORGANIZATION ( #2636, #2808 ) ;
#336 = CARTESIAN_POINT ( 'NONE',  ( -1.125000000000000222, 0.2500000000000000000, 1.500000000000000444 ) ) ;
#337 = AXIS2_PLACEMENT_3D ( 'NONE', #138, #1682, #822 ) ;
#338 = LINE ( 'NONE', #528, #1689 ) ;
#339 = DIRECTION ( 'NONE',  ( 1.365923996832131609E-16, -0.000000000000000000, 1.000000000000000000 ) ) ;
#340 = ADVANCED_FACE ( 'NONE', ( #962 ), #512, .F. ) ;
#341 = ORIENTED_EDGE ( 'NONE', *, *, #1209, .F. ) ;
#342 = ADVANCED_FACE ( 'NONE', ( #739 ), #1399, .T. ) ;
#343 = CARTESIAN_POINT ( 'NONE',  ( -0.3750000000000002220, 0.000000000000000000, 1.500000000000000444 ) ) ;
#344 = ORIENTED_EDGE ( 'NONE', *, *, #1394, .T. ) ;
#345 = DESIGN_CONTEXT ( 'detailed design', #1354, 'design' ) ;
#346 = ADVANCED_FACE ( 'NONE', ( #2740 ), #447, .F. ) ;
#347 = ORIENTED_EDGE ( 'NONE', *, *, #705, .F. ) ;
#348 = DIRECTION ( 'NONE',  ( 0.000000000000000000, 0.000000000000000000, 1.000000000000000000 ) ) ;
#349 = ORIENTED_EDGE ( 'NONE', *, *, #1885, .F. ) ;
#350 = DIRECTION ( 'NONE',  ( -0.000000000000000000, 1.000000000000000000, -0.000000000000000000 ) ) ;
#351 = CIRCLE ( 'NONE', #1276, 0.02000000000000005940 ) ;
#352 = CIRCLE ( 'NONE', #1190, 0.1093999999999997891 ) ;
#353 = LINE ( 'NONE', #830, #2201 ) ;
#354 = CARTESIAN_POINT ( 'NONE',  ( -0.7142307692307692246, 0.2300000000000000100, 0.8857070876104505830 ) ) ;
#355 = CARTESIAN_POINT ( 'NONE',  ( 1.124999999999999778, 0.2250000000000000611, 1.609400000000000386 ) ) ;
#356 = LINE ( 'NONE', #396, #2399 ) ;
#357 = ORIENTED_EDGE ( 'NONE', *, *, #189, .F. ) ;
#358 = ORIENTED_EDGE ( 'NONE', *, *, #2300, .T. ) ;
#359 = DIRECTION ( 'NONE',  ( -0.000000000000000000, -0.000000000000000000, 1.000000000000000000 ) ) ;
#360 = ADVANCED_FACE ( 'NONE', ( #1817 ), #1611, .F. ) ;
#361 = VERTEX_POINT ( 'NONE', #1624 ) ;
#362 = COORDINATED_UNIVERSAL_TIME_OFFSET ( 0, 0, .AHEAD. ) ;
#363 = LINE ( 'NONE', #312, #756 ) ;
#364 = CIRCLE ( 'NONE', #507, 0.1093999999999996642 ) ;
#365 = DIRECTION ( 'NONE',  ( -0.000000000000000000, 1.000000000000000000, -0.000000000000000000 ) ) ;
#366 = CARTESIAN_POINT ( 'NONE',  ( -0.6250000000000003331, 0.2300000000000000100, -1.979999999999999316 ) ) ;
#367 = DIRECTION ( 'NONE',  ( 0.000000000000000000, 0.000000000000000000, 1.000000000000000000 ) ) ;
#368 = LINE ( 'NONE', #1709, #1882 ) ;
#369 = VERTEX_POINT ( 'NONE', #2525 ) ;
#370 = LINE ( 'NONE', #577, #2106 ) ;
#371 = EDGE_CURVE ( 'NONE', #2489, #2415, #497, .T. ) ;
#372 = ORIENTED_EDGE ( 'NONE', *, *, #2331, .T. ) ;
#373 = CARTESIAN_POINT ( 'NONE',  ( -0.6250000000000003331, 0.1250000000000000000, -1.979999999999999316 ) ) ;
#374 = DIRECTION ( 'NONE',  ( -0.000000000000000000, 1.000000000000000000, -0.000000000000000000 ) ) ;
#375 = CARTESIAN_POINT ( 'NONE',  ( -1.015600000000000724, 0.1380000000000002058, -0.7499999999999997780 ) ) ;
#376 = DIRECTION ( 'NONE',  ( 0.000000000000000000, 1.000000000000000000, 0.000000000000000000 ) ) ;
#377 = CIRCLE ( 'NONE', #984, 0.02000000000000005940 ) ;
#378 = CYLINDRICAL_SURFACE ( 'NONE', #79, 0.1250000000000000278 ) ;
#379 = ORIENTED_EDGE ( 'NONE', *, *, #62, .F. ) ;
#380 = EDGE_LOOP ( 'NONE', ( #2602, #1143, #110, #1346 ) ) ;
#381 = CARTESIAN_POINT ( 'NONE',  ( -0.6250000000000000000, 0.1250000000000000000, 1.125000000000000000 ) ) ;
#382 = ORIENTED_EDGE ( 'NONE', *, *, #1331, .F. ) ;
#383 = AXIS2_PLACEMENT_3D ( 'NONE', #513, #294, #2482 ) ;
#384 = ADVANCED_FACE ( 'NONE', ( #2070 ), #293, .F. ) ;
#385 = VECTOR ( 'NONE', #2545, 39.37007874015748143 ) ;
#386 = AXIS2_PLACEMENT_3D ( 'NONE', #1818, #1400, #1368 ) ;
#387 = EDGE_CURVE ( 'NONE', #2372, #799, #2217, .T. ) ;
#388 = DIRECTION ( 'NONE',  ( -0.000000000000000000, 1.000000000000000000, -0.000000000000000000 ) ) ;
#389 = CIRCLE ( 'NONE', #1369, 0.02000000000000005940 ) ;
#390 = DIRECTION ( 'NONE',  ( -0.000000000000000000, 1.000000000000000000, -0.000000000000000000 ) ) ;
#391 = DIRECTION ( 'NONE',  ( 0.000000000000000000, 0.000000000000000000, 1.000000000000000000 ) ) ;
#392 = CARTESIAN_POINT ( 'NONE',  ( -1.125000000000000666, 0.000000000000000000, -0.7499999999999997780 ) ) ;
#393 = EDGE_CURVE ( 'NONE', #1286, #2416, #2363, .T. ) ;
#394 = AXIS2_PLACEMENT_3D ( 'NONE', #2581, #2379, #187 ) ;
#395 = AXIS2_PLACEMENT_3D ( 'NONE', #1605, #29, #2672 ) ;
#396 = CARTESIAN_POINT ( 'NONE',  ( 1.605000000000000204, 0.1250000000000000000, 1.000000000000000444 ) ) ;
#397 = EDGE_LOOP ( 'NONE', ( #1407, #439, #841, #1677 ) ) ;
#398 = DIRECTION ( 'NONE',  ( 0.000000000000000000, 1.000000000000000000, 0.000000000000000000 ) ) ;
#399 = EDGE_CURVE ( 'NONE', #2643, #2574, #2729, .T. ) ;
#400 = EDGE_LOOP ( 'NONE', ( #1425, #1194, #1569, #1074 ) ) ;
#401 = ORIENTED_EDGE ( 'NONE', *, *, #2238, .T. ) ;
#402 = CARTESIAN_POINT ( 'NONE',  ( 1.124999999999999778, 0.1380000000000002058, 1.609400000000000386 ) ) ;
#403 = ADVANCED_FACE ( 'NONE', ( #230 ), #2194, .F. ) ;
#404 = DIRECTION ( 'NONE',  ( -0.000000000000000000, 1.000000000000000000, -0.000000000000000000 ) ) ;
#405 = FACE_BOUND ( 'NONE', #1798, .T. ) ;
#406 = DIRECTION ( 'NONE',  ( 0.000000000000000000, 0.7071067811865464625, 0.7071067811865484609 ) ) ;
#407 = DIRECTION ( 'NONE',  ( 0.000000000000000000, 0.000000000000000000, 1.000000000000000000 ) ) ;
#408 = ORIENTED_EDGE ( 'NONE', *, *, #697, .T. ) ;
#409 = FACE_OUTER_BOUND ( 'NONE', #316, .T. ) ;
#410 = VERTEX_POINT ( 'NONE', #1574 ) ;
#411 = CARTESIAN_POINT ( 'NONE',  ( -0.3688262308510104059, 0.2500000000000000000, 1.200000000000000622 ) ) ;
#412 = ORIENTED_EDGE ( 'NONE', *, *, #2042, .T. ) ;
#413 = EDGE_LOOP ( 'NONE', ( #1619, #2738, #2687, #70 ) ) ;
#414 = DIRECTION ( 'NONE',  ( -0.000000000000000000, 1.000000000000000000, -0.000000000000000000 ) ) ;
#415 = CARTESIAN_POINT ( 'NONE',  ( 0.000000000000000000, 0.1250000000000000000, -1.979999999999999316 ) ) ;
#416 = AXIS2_PLACEMENT_3D ( 'NONE', #2417, #1067, #1782 ) ;
#417 = CARTESIAN_POINT ( 'NONE',  ( -1.624999999999999778, 0.01999999999999999001, 1.980000000000000426 ) ) ;
#418 = CARTESIAN_POINT ( 'NONE',  ( -1.125000000000000222, 0.2500000000000000000, 1.564250000000000584 ) ) ;
#419 = FACE_OUTER_BOUND ( 'NONE', #2424, .T. ) ;
#420 = EDGE_CURVE ( 'NONE', #1464, #965, #82, .T. ) ;
#421 = CARTESIAN_POINT ( 'NONE',  ( -1.125000000000000666, 0.1380000000000002058, -0.6405999999999999472 ) ) ;
#422 = ORIENTED_EDGE ( 'NONE', *, *, #212, .T. ) ;
#423 = EDGE_CURVE ( 'NONE', #554, #1242, #1110, .T. ) ;
#424 = DIRECTION ( 'NONE',  ( 1.000000000000000000, 0.000000000000000000, 0.000000000000000000 ) ) ;
#425 = ORIENTED_EDGE ( 'NONE', *, *, #686, .T. ) ;
#426 = EDGE_CURVE ( 'NONE', #2304, #1839, #473, .T. ) ;
#427 = EDGE_LOOP ( 'NONE', ( #856, #2731, #2874, #115 ) ) ;
#428 = DIRECTION ( 'NONE',  ( 0.000000000000000000, 0.000000000000000000, 1.000000000000000000 ) ) ;
#429 = DIRECTION ( 'NONE',  ( 0.000000000000000000, 0.000000000000000000, 1.000000000000000000 ) ) ;
#430 = AXIS2_PLACEMENT_3D ( 'NONE', #328, #2783, #2754 ) ;
#431 = VECTOR ( 'NONE', #2849, 39.37007874015748143 ) ;
#432 = DIRECTION ( 'NONE',  ( -0.000000000000000000, 1.000000000000000000, -0.000000000000000000 ) ) ;
#433 = DIRECTION ( 'NONE',  ( 0.000000000000000000, 0.000000000000000000, 1.000000000000000000 ) ) ;
#434 = DIRECTION ( 'NONE',  ( 1.365923996832131609E-16, -0.000000000000000000, 1.000000000000000000 ) ) ;
#435 = ORIENTED_EDGE ( 'NONE', *, *, #1432, .T. ) ;
#436 = VECTOR ( 'NONE', #926, 39.37007874015748143 ) ;
#437 = CARTESIAN_POINT ( 'NONE',  ( -1.604999999999999760, 0.2500000000000000000, 2.000000000000000444 ) ) ;
#438 = VECTOR ( 'NONE', #1981, 39.37007874015748854 ) ;
#439 = ORIENTED_EDGE ( 'NONE', *, *, #250, .F. ) ;
#440 = EDGE_CURVE ( 'NONE', #755, #1435, #364, .T. ) ;
#441 = ADVANCED_FACE ( 'NONE', ( #1127, #1548 ), #2475, .F. ) ;
#442 = AXIS2_PLACEMENT_3D ( 'NONE', #1983, #2269, #271 ) ;
#443 = DIRECTION ( 'NONE',  ( 0.000000000000000000, 0.000000000000000000, -1.000000000000000000 ) ) ;
#444 = AXIS2_PLACEMENT_3D ( 'NONE', #1436, #1661, #2119 ) ;
#445 = EDGE_LOOP ( 'NONE', ( #999, #2061, #425, #1775 ) ) ;
#446 = EDGE_LOOP ( 'NONE', ( #614, #1359, #1302 ) ) ;
#447 = CONICAL_SURFACE ( 'NONE', #1843, 0.1344000000000000750, 0.7853981633974497223 ) ;
#448 = CARTESIAN_POINT ( 'NONE',  ( -1.125000000000000222, 0.1380000000000002058, 1.500000000000000444 ) ) ;
#449 = CARTESIAN_POINT ( 'NONE',  ( 0.3749999999999998335, 0.2500000000000001110, 1.634400000000000519 ) ) ;
#450 = DIRECTION ( 'NONE',  ( -0.000000000000000000, -1.000000000000000000, -0.000000000000000000 ) ) ;
#451 = FACE_OUTER_BOUND ( 'NONE', #871, .T. ) ;
#452 = SPHERICAL_SURFACE ( 'NONE', #2173, 0.02000000000000000042 ) ;
#453 = ORIENTED_EDGE ( 'NONE', *, *, #2238, .F. ) ;
#454 = DIRECTION ( 'NONE',  ( -0.000000000000000000, 1.000000000000000000, -0.000000000000000000 ) ) ;
#455 = ORIENTED_EDGE ( 'NONE', *, *, #8, .F. ) ;
#456 = CARTESIAN_POINT ( 'NONE',  ( 0.3749999999999998335, 0.2250000000000000611, 1.609399999999999942 ) ) ;
#457 = EDGE_LOOP ( 'NONE', ( #1797, #687, #2208, #538 ) ) ;
#458 = ORIENTED_EDGE ( 'NONE', *, *, #2460, .F. ) ;
#459 = EDGE_CURVE ( 'NONE', #2521, #758, #869, .T. ) ;
#460 = CARTESIAN_POINT ( 'NONE',  ( -0.6250000000000000000, 0.1250000000000000000, 1.000000000000000000 ) ) ;
#461 = DIRECTION ( 'NONE',  ( 0.000000000000000000, 0.000000000000000000, 1.000000000000000000 ) ) ;
#462 = CYLINDRICAL_SURFACE ( 'NONE', #1140, 0.02000000000000005940 ) ;
#463 = DIRECTION ( 'NONE',  ( 0.000000000000000000, 0.000000000000000000, 1.000000000000000000 ) ) ;
#464 = DIRECTION ( 'NONE',  ( -0.000000000000000000, 1.000000000000000000, -0.000000000000000000 ) ) ;
#465 =( BOUNDED_CURVE ( )  B_SPLINE_CURVE ( 3, ( #593, #1481, #2377, #373 ),
 .UNSPECIFIED., .F., .T. ) 
 B_SPLINE_CURVE_WITH_KNOTS ( ( 4, 4 ),
 ( 4.712388980384689674, 6.283185307179586232 ),
 .UNSPECIFIED. ) 
 CURVE ( )  GEOMETRIC_REPRESENTATION_ITEM ( )  RATIONAL_B_SPLINE_CURVE ( ( 1.000000000000000000, 0.8047378541243649375, 0.8047378541243649375, 1.000000000000000000 ) ) 
 REPRESENTATION_ITEM ( '' )  );
#466 = ADVANCED_FACE ( 'NONE', ( #1349 ), #2845, .T. ) ;
#467 = DIRECTION ( 'NONE',  ( 0.000000000000000000, 0.000000000000000000, 1.000000000000000000 ) ) ;
#468 = ORIENTED_EDGE ( 'NONE', *, *, #1112, .T. ) ;
#469 = CARTESIAN_POINT ( 'NONE',  ( -0.7019230769230769829, 0.1250000000000000000, 0.9014716272503884298 ) ) ;
#470 = ORIENTED_EDGE ( 'NONE', *, *, #741, .F. ) ;
#471 = ORIENTED_EDGE ( 'NONE', *, *, #2352, .F. ) ;
#472 = CIRCLE ( 'NONE', #2005, 0.02000000000000005940 ) ;
#473 = LINE ( 'NONE', #2001, #1989 ) ;
#474 = AXIS2_PLACEMENT_3D ( 'NONE', #2830, #1676, #2575 ) ;
#475 = CARTESIAN_POINT ( 'NONE',  ( 1.124999999999999778, 0.2500000000000001110, 1.365600000000000591 ) ) ;
#476 = EDGE_CURVE ( 'NONE', #1997, #259, #2870, .T. ) ;
#477 = CARTESIAN_POINT ( 'NONE',  ( -0.3750000000000002220, 0.000000000000000000, 1.435750000000000304 ) ) ;
#478 = DIRECTION ( 'NONE',  ( 1.000000000000000000, -0.000000000000000000, -0.000000000000000000 ) ) ;
#479 = CARTESIAN_POINT ( 'NONE',  ( -0.6450000000000003508, 0.2300000000000000100, -1.979999999999999316 ) ) ;
#480 = CYLINDRICAL_SURFACE ( 'NONE', #23, 0.06425000000000020972 ) ;
#481 = VECTOR ( 'NONE', #2378, 39.37007874015748143 ) ;
#482 = CARTESIAN_POINT ( 'NONE',  ( 1.124999999999999778, 0.1380000000000002058, 1.500000000000000444 ) ) ;
#483 = DIRECTION ( 'NONE',  ( 0.000000000000000000, 0.000000000000000000, 1.000000000000000000 ) ) ;
#484 = AXIS2_PLACEMENT_3D ( 'NONE', #2029, #267, #1805 ) ;
#485 = ADVANCED_FACE ( 'NONE', ( #244 ), #888, .F. ) ;
#486 = SECURITY_CLASSIFICATION ( '', '', #2780 ) ;
#487 = VERTEX_POINT ( 'NONE', #843 ) ;
#488 = VECTOR ( 'NONE', #1536, 39.37007874015748143 ) ;
#489 = LINE ( 'NONE', #922, #1970 ) ;
#490 = ORIENTED_EDGE ( 'NONE', *, *, #1383, .T. ) ;
#491 = ORIENTED_EDGE ( 'NONE', *, *, #1081, .T. ) ;
#492 = VERTEX_POINT ( 'NONE', #1748 ) ;
#493 = EDGE_CURVE ( 'NONE', #1435, #2777, #2679, .T. ) ;
#494 = DIRECTION ( 'NONE',  ( 0.000000000000000000, -1.000000000000000000, 0.000000000000000000 ) ) ;
#495 = DIRECTION ( 'NONE',  ( -0.000000000000000000, 1.000000000000000000, -0.000000000000000000 ) ) ;
#496 = FACE_BOUND ( 'NONE', #1374, .T. ) ;
#497 = LINE ( 'NONE', #2292, #1979 ) ;
#498 = ADVANCED_FACE ( 'NONE', ( #642 ), #2792, .F. ) ;
#499 = DIRECTION ( 'NONE',  ( 1.000000000000000000, 0.000000000000000000, -0.000000000000000000 ) ) ;
#500 = CYLINDRICAL_SURFACE ( 'NONE', #2675, 0.06425000000000027911 ) ;
#501 = DIRECTION ( 'NONE',  ( -0.000000000000000000, 1.000000000000000000, -0.000000000000000000 ) ) ;
#502 = VERTEX_POINT ( 'NONE', #217 ) ;
#503 = ORIENTED_EDGE ( 'NONE', *, *, #2295, .F. ) ;
#504 = DIRECTION ( 'NONE',  ( 0.000000000000000000, 0.000000000000000000, 1.000000000000000000 ) ) ;
#505 = EDGE_LOOP ( 'NONE', ( #241, #2000, #1940, #2438 ) ) ;
#506 = CIRCLE ( 'NONE', #1247, 0.06425000000000000155 ) ;
#507 = AXIS2_PLACEMENT_3D ( 'NONE', #2461, #912, #2875 ) ;
#508 = ORIENTED_EDGE ( 'NONE', *, *, #759, .F. ) ;
#509 = CARTESIAN_POINT ( 'NONE',  ( 0.000000000000000000, 0.2500000000000000000, 0.000000000000000000 ) ) ;
#510 = ORIENTED_EDGE ( 'NONE', *, *, #961, .T. ) ;
#511 = CYLINDRICAL_SURFACE ( 'NONE', #2538, 0.02000000000000005940 ) ;
#512 = CYLINDRICAL_SURFACE ( 'NONE', #1328, 0.1093999999999996642 ) ;
#513 = CARTESIAN_POINT ( 'NONE',  ( 1.605000000000000204, 0.2300000000000000100, 1.980000000000000204 ) ) ;
#514 = DIRECTION ( 'NONE',  ( -0.000000000000000000, 1.000000000000000000, -0.000000000000000000 ) ) ;
#515 = DIRECTION ( 'NONE',  ( -0.000000000000000000, 1.000000000000000000, -0.000000000000000000 ) ) ;
#516 = ORIENTED_EDGE ( 'NONE', *, *, #867, .T. ) ;
#517 = EDGE_CURVE ( 'NONE', #228, #88, #2052, .T. ) ;
#518 = FACE_OUTER_BOUND ( 'NONE', #1810, .T. ) ;
#519 = AXIS2_PLACEMENT_3D ( 'NONE', #1799, #876, #657 ) ;
#520 = EDGE_CURVE ( 'NONE', #1034, #2416, #1193, .T. ) ;
#521 = ORIENTED_EDGE ( 'NONE', *, *, #2352, .T. ) ;
#522 = ORIENTED_EDGE ( 'NONE', *, *, #1245, .T. ) ;
#523 = FACE_OUTER_BOUND ( 'NONE', #882, .T. ) ;
#524 = EDGE_CURVE ( 'NONE', #12, #1779, #1907, .T. ) ;
#525 = ORIENTED_EDGE ( 'NONE', *, *, #1154, .F. ) ;
#526 = DIRECTION ( 'NONE',  ( -0.000000000000000000, 1.000000000000000000, -0.000000000000000000 ) ) ;
#527 = AXIS2_PLACEMENT_3D ( 'NONE', #1703, #1272, #2163 ) ;
#528 = CARTESIAN_POINT ( 'NONE',  ( 1.124999999999999778, 0.2500000000000000000, 1.390600000000000502 ) ) ;
#529 = CARTESIAN_POINT ( 'NONE',  ( -1.604999999999999760, 0.2500000000000000000, 2.000000000000000444 ) ) ;
#530 = EDGE_LOOP ( 'NONE', ( #952, #2176, #503, #1962 ) ) ;
#531 = AXIS2_PLACEMENT_3D ( 'NONE', #2197, #186, #461 ) ;
#532 = VECTOR ( 'NONE', #1239, 39.37007874015748143 ) ;
#533 = AXIS2_PLACEMENT_3D ( 'NONE', #1679, #2327, #1003 ) ;
#534 = CARTESIAN_POINT ( 'NONE',  ( 1.616715728752538217, 0.1250000000000000278, 1.000000000000000444 ) ) ;
#535 = ORIENTED_EDGE ( 'NONE', *, *, #178, .F. ) ;
#536 = ADVANCED_FACE ( 'NONE', ( #1591, #2051 ), #1160, .F. ) ;
#537 = VECTOR ( 'NONE', #940, 39.37007874015748143 ) ;
#538 = ORIENTED_EDGE ( 'NONE', *, *, #900, .F. ) ;
#539 = DIRECTION ( 'NONE',  ( -1.000000000000000000, 0.000000000000000000, 0.000000000000000000 ) ) ;
#540 = AXIS2_PLACEMENT_3D ( 'NONE', #1773, #39, #2200 ) ;
#541 = EDGE_LOOP ( 'NONE', ( #1343, #2563 ) ) ;
#542 = PERSON_AND_ORGANIZATION ( #2636, #2808 ) ;
#543 = CIRCLE ( 'NONE', #310, 0.2000000000000000389 ) ;
#544 = AXIS2_PLACEMENT_3D ( 'NONE', #42, #1586, #1377 ) ;
#545 = DIRECTION ( 'NONE',  ( 1.365923996832127547E-14, 0.000000000000000000, -1.000000000000000000 ) ) ;
#546 = DIRECTION ( 'NONE',  ( -0.000000000000000000, 1.000000000000000000, -0.000000000000000000 ) ) ;
#547 = DIRECTION ( 'NONE',  ( -0.000000000000000000, 1.000000000000000000, -0.000000000000000000 ) ) ;
#548 = ORIENTED_EDGE ( 'NONE', *, *, #20, .F. ) ;
#549 = CARTESIAN_POINT ( 'NONE',  ( 0.3749999999999998335, 0.000000000000000000, 1.500000000000000444 ) ) ;
#550 = ORIENTED_EDGE ( 'NONE', *, *, #588, .T. ) ;
#551 = ORIENTED_EDGE ( 'NONE', *, *, #1855, .T. ) ;
#552 = CIRCLE ( 'NONE', #2087, 0.06425000000000000155 ) ;
#553 = CARTESIAN_POINT ( 'NONE',  ( -1.125000000000000666, 0.2500000000000001110, -0.8843999999999997419 ) ) ;
#554 = VERTEX_POINT ( 'NONE', #2255 ) ;
#555 = CALENDAR_DATE ( 2025, 2, 5 ) ;
#556 = ADVANCED_FACE ( 'NONE', ( #925 ), #2490, .T. ) ;
#557 = EDGE_CURVE ( 'NONE', #813, #2691, #306, .T. ) ;
#558 = CARTESIAN_POINT ( 'NONE',  ( -0.3750000000000002220, 0.2500000000000001110, 1.500000000000000444 ) ) ;
#559 = CARTESIAN_POINT ( 'NONE',  ( -0.6250000000000000000, 0.2300000000000000100, 1.000000000000000000 ) ) ;
#560 = VERTEX_POINT ( 'NONE', #276 ) ;
#561 = EDGE_CURVE ( 'NONE', #2123, #2050, #1673, .T. ) ;
#562 = LINE ( 'NONE', #72, #2541 ) ;
#563 = ORIENTED_EDGE ( 'NONE', *, *, #1648, .F. ) ;
#564 = ORIENTED_EDGE ( 'NONE', *, *, #423, .F. ) ;
#565 = CYLINDRICAL_SURFACE ( 'NONE', #2386, 0.1093999999999999279 ) ;
#566 = VERTEX_POINT ( 'NONE', #1381 ) ;
#567 = APPROVAL_DATE_TIME ( #779, #2339 ) ;
#568 = CARTESIAN_POINT ( 'NONE',  ( -1.125000000000000666, 0.1380000000000002058, -1.499999999999999778 ) ) ;
#569 = AXIS2_PLACEMENT_3D ( 'NONE', #2355, #2182, #367 ) ;
#570 = DIRECTION ( 'NONE',  ( -0.000000000000000000, 1.000000000000000000, -0.000000000000000000 ) ) ;
#571 = DIRECTION ( 'NONE',  ( 0.000000000000000000, 0.000000000000000000, 1.000000000000000000 ) ) ;
#572 = CARTESIAN_POINT ( 'NONE',  ( -1.125000000000000666, 0.1380000000000002058, -1.499999999999999778 ) ) ;
#573 = ADVANCED_FACE ( 'NONE', ( #60, #939, #2287, #1827, #2095, #720, #322, #2321, #1608 ), #2509, .T. ) ;
#574 = CARTESIAN_POINT ( 'NONE',  ( 1.124999999999999778, 0.2500000000000001110, 1.634400000000000297 ) ) ;
#575 = CIRCLE ( 'NONE', #2437, 0.1344000000000000750 ) ;
#576 = ORIENTED_EDGE ( 'NONE', *, *, #741, .T. ) ;
#577 = CARTESIAN_POINT ( 'NONE',  ( 1.625000000000000222, 0.2500000000000000000, 1.020000000000000684 ) ) ;
#578 = CC_DESIGN_APPROVAL ( #1631, ( #1504 ) ) ;
#579 = ORIENTED_EDGE ( 'NONE', *, *, #697, .F. ) ;
#580 = CALENDAR_DATE ( 2025, 2, 5 ) ;
#581 = AXIS2_PLACEMENT_3D ( 'NONE', #2812, #1457, #123 ) ;
#582 = DIRECTION ( 'NONE',  ( 0.000000000000000000, 0.000000000000000000, 1.000000000000000000 ) ) ;
#583 = VECTOR ( 'NONE', #56, 39.37007874015748854 ) ;
#584 = AXIS2_PLACEMENT_3D ( 'NONE', #1960, #176, #1016 ) ;
#585 = DIRECTION ( 'NONE',  ( -0.000000000000000000, 1.000000000000000000, -0.000000000000000000 ) ) ;
#586 = DIRECTION ( 'NONE',  ( -0.000000000000000000, 1.000000000000000000, -0.000000000000000000 ) ) ;
#587 = DIRECTION ( 'NONE',  ( -0.000000000000000000, 1.000000000000000000, -0.000000000000000000 ) ) ;
#588 = EDGE_CURVE ( 'NONE', #291, #284, #1427, .T. ) ;
#589 = CARTESIAN_POINT ( 'NONE',  ( -0.3688262308510104059, 0.1250000000000000000, 1.200000000000000622 ) ) ;
#590 = ORIENTED_EDGE ( 'NONE', *, *, #1767, .F. ) ;
#591 = FACE_OUTER_BOUND ( 'NONE', #2779, .T. ) ;
#592 = VERTEX_POINT ( 'NONE', #46 ) ;
#593 = CARTESIAN_POINT ( 'NONE',  ( -0.6450000000000003508, 0.1050000000000000100, -1.999999999999999334 ) ) ;
#594 = DIRECTION ( 'NONE',  ( 0.000000000000000000, 0.000000000000000000, -1.000000000000000000 ) ) ;
#595 = LINE ( 'NONE', #1282, #2816 ) ;
#596 = CARTESIAN_POINT ( 'NONE',  ( -1.125000000000000222, 0.2500000000000001110, 1.634400000000000519 ) ) ;
#597 = CARTESIAN_POINT ( 'NONE',  ( -1.125000000000000666, 0.2250000000000000611, -0.8593999999999996087 ) ) ;
#598 = EDGE_CURVE ( 'NONE', #1779, #2285, #75, .T. ) ;
#599 = ORIENTED_EDGE ( 'NONE', *, *, #2759, .T. ) ;
#600 = CC_DESIGN_PERSON_AND_ORGANIZATION_ASSIGNMENT ( #738, #2553, ( #1504 ) ) ;
#601 = CARTESIAN_POINT ( 'NONE',  ( 1.604999999999999760, 0.1250000000000000000, -1.979999999999999316 ) ) ;
#602 = ORIENTED_EDGE ( 'NONE', *, *, #1, .T. ) ;
#603 = EDGE_CURVE ( 'NONE', #196, #815, #1813, .T. ) ;
#604 = DIRECTION ( 'NONE',  ( 1.365923996832131609E-16, 0.000000000000000000, 1.000000000000000000 ) ) ;
#605 = CARTESIAN_POINT ( 'NONE',  ( -1.605000000000000204, 0.01999999999999999001, -1.979999999999999316 ) ) ;
#606 = PLANE ( 'NONE',  #767 ) ;
#607 = CARTESIAN_POINT ( 'NONE',  ( -1.125000000000000666, 0.2500000000000000000, -0.8142499999999999183 ) ) ;
#608 = VECTOR ( 'NONE', #2778, 39.37007874015748854 ) ;
#609 = DIRECTION ( 'NONE',  ( 0.000000000000000000, 1.000000000000000000, -0.000000000000000000 ) ) ;
#610 = ORIENTED_EDGE ( 'NONE', *, *, #219, .F. ) ;
#611 = LINE ( 'NONE', #1951, #1264 ) ;
#612 = ADVANCED_FACE ( 'NONE', ( #523 ), #2083, .F. ) ;
#613 = ORIENTED_EDGE ( 'NONE', *, *, #2030, .T. ) ;
#614 = ORIENTED_EDGE ( 'NONE', *, *, #1573, .T. ) ;
#615 = CIRCLE ( 'NONE', #2764, 0.02000000000000005940 ) ;
#616 = DIRECTION ( 'NONE',  ( -0.000000000000000000, 1.000000000000000000, -0.000000000000000000 ) ) ;
#617 = VECTOR ( 'NONE', #1490, 39.37007874015748143 ) ;
#618 = CARTESIAN_POINT ( 'NONE',  ( 0.3749999999999998335, 0.1380000000000002058, 1.609399999999999942 ) ) ;
#619 = DIRECTION ( 'NONE',  ( -0.000000000000000000, 1.000000000000000000, -0.000000000000000000 ) ) ;
#620 = CARTESIAN_POINT ( 'NONE',  ( -1.125000000000000666, 0.2500000000000000000, -0.6857499999999996376 ) ) ;
#621 = VECTOR ( 'NONE', #609, 39.37007874015748143 ) ;
#622 = AXIS2_PLACEMENT_3D ( 'NONE', #743, #2813, #1917 ) ;
#623 = DIRECTION ( 'NONE',  ( 0.000000000000000000, 0.000000000000000000, 1.000000000000000000 ) ) ;
#624 = ORIENTED_EDGE ( 'NONE', *, *, #1581, .F. ) ;
#625 = EDGE_LOOP ( 'NONE', ( #1170, #525, #1968, #746 ) ) ;
#626 = CARTESIAN_POINT ( 'NONE',  ( 1.604999999999999982, 0.1050000000000000100, -1.999999999999999334 ) ) ;
#627 = ORIENTED_EDGE ( 'NONE', *, *, #2188, .F. ) ;
#628 = EDGE_LOOP ( 'NONE', ( #1200, #1898 ) ) ;
#629 = CARTESIAN_POINT ( 'NONE',  ( -0.6450000000000003508, 0.2300000000000000100, -1.999999999999999334 ) ) ;
#630 = CARTESIAN_POINT ( 'NONE',  ( -1.125000000000000444, 0.2500000000000000000, 0.7500000000000003331 ) ) ;
#631 = ADVANCED_FACE ( 'NONE', ( #1361 ), #1859, .F. ) ;
#632 = EDGE_CURVE ( 'NONE', #1060, #2777, #750, .T. ) ;
#633 = CARTESIAN_POINT ( 'NONE',  ( -1.125000000000000666, 0.2500000000000001110, -0.7499999999999997780 ) ) ;
#634 = CARTESIAN_POINT ( 'NONE',  ( 1.624999999999999778, 0.01999999999999999001, -1.999999999999999334 ) ) ;
#635 = DIRECTION ( 'NONE',  ( 0.000000000000000000, 0.000000000000000000, 1.000000000000000000 ) ) ;
#636 = DIRECTION ( 'NONE',  ( -1.000000000000000000, 0.000000000000000000, -0.000000000000000000 ) ) ;
#637 = EDGE_CURVE ( 'NONE', #2220, #1746, #763, .T. ) ;
#638 = ORIENTED_EDGE ( 'NONE', *, *, #2554, .F. ) ;
#639 = LINE ( 'NONE', #2267, #1635 ) ;
#640 = ORIENTED_EDGE ( 'NONE', *, *, #2168, .F. ) ;
#641 = VERTEX_POINT ( 'NONE', #553 ) ;
#642 = FACE_OUTER_BOUND ( 'NONE', #1622, .T. ) ;
#643 = CARTESIAN_POINT ( 'NONE',  ( -0.3688262308510104059, 0.2300000000000000100, 1.020000000000000684 ) ) ;
#644 = VECTOR ( 'NONE', #103, 39.37007874015748143 ) ;
#645 = CARTESIAN_POINT ( 'NONE',  ( -0.6450000000000003508, 0.2300000000000000100, -1.979999999999999316 ) ) ;
#646 = CARTESIAN_POINT ( 'NONE',  ( -1.125000000000000666, 0.2500000000000000000, -0.7499999999999997780 ) ) ;
#647 = DIRECTION ( 'NONE',  ( 0.000000000000000000, 1.000000000000000000, 0.000000000000000000 ) ) ;
#648 = ORIENTED_EDGE ( 'NONE', *, *, #1651, .F. ) ;
#649 = PRODUCT_RELATED_PRODUCT_CATEGORY ( 'detail', '', ( #1498 ) ) ;
#650 = DIRECTION ( 'NONE',  ( -0.000000000000000000, 1.000000000000000000, -0.000000000000000000 ) ) ;
#651 = ORIENTED_EDGE ( 'NONE', *, *, #1040, .T. ) ;
#652 = DIRECTION ( 'NONE',  ( -0.000000000000000000, 1.000000000000000000, -0.000000000000000000 ) ) ;
#653 = DIRECTION ( 'NONE',  ( 0.000000000000000000, 0.000000000000000000, -1.000000000000000000 ) ) ;
#654 = ORIENTED_EDGE ( 'NONE', *, *, #1796, .F. ) ;
#655 = CIRCLE ( 'NONE', #1537, 0.1250000000000000278 ) ;
#656 = ORIENTED_EDGE ( 'NONE', *, *, #2125, .T. ) ;
#657 = DIRECTION ( 'NONE',  ( 0.000000000000000000, 0.000000000000000000, 1.000000000000000000 ) ) ;
#658 = CIRCLE ( 'NONE', #1031, 0.1093999999999997891 ) ;
#659 = CARTESIAN_POINT ( 'NONE',  ( -0.6250000000000003331, 0.1250000000000000000, -1.979999999999999316 ) ) ;
#660 = AXIS2_PLACEMENT_3D ( 'NONE', #783, #2559, #1644 ) ;
#661 = CIRCLE ( 'NONE', #1545, 0.02000000000000005940 ) ;
#662 = CC_DESIGN_APPROVAL ( #1430, ( #893 ) ) ;
#663 = LINE ( 'NONE', #894, #1683 ) ;
#664 = FACE_OUTER_BOUND ( 'NONE', #380, .T. ) ;
#665 = CARTESIAN_POINT ( 'NONE',  ( 1.625000000000000222, 0.01999999999999999001, 1.980000000000000204 ) ) ;
#666 = VERTEX_POINT ( 'NONE', #116 ) ;
#667 = AXIS2_PLACEMENT_3D ( 'NONE', #1082, #1991, #1318 ) ;
#668 = CARTESIAN_POINT ( 'NONE',  ( -1.125000000000000444, 0.1380000000000002058, 2.731847993664263218E-16 ) ) ;
#669 = CIRCLE ( 'NONE', #581, 0.02000000000000005940 ) ;
#670 = ORIENTED_EDGE ( 'NONE', *, *, #2411, .T. ) ;
#671 = AXIS2_PLACEMENT_3D ( 'NONE', #646, #265, #248 ) ;
#672 = EDGE_CURVE ( 'NONE', #2372, #1587, #1232, .T. ) ;
#673 = LINE ( 'NONE', #2221, #907 ) ;
#674 = ORIENTED_EDGE ( 'NONE', *, *, #78, .F. ) ;
#675 = VERTEX_POINT ( 'NONE', #601 ) ;
#676 = DIRECTION ( 'NONE',  ( 0.000000000000000000, 0.000000000000000000, 1.000000000000000000 ) ) ;
#677 =( LENGTH_UNIT ( ) NAMED_UNIT ( * ) SI_UNIT ( $, .METRE. ) );
#678 = DIRECTION ( 'NONE',  ( -0.000000000000000000, 1.000000000000000000, -0.000000000000000000 ) ) ;
#679 = CARTESIAN_POINT ( 'NONE',  ( 0.000000000000000000, 0.000000000000000000, 0.000000000000000000 ) ) ;
#680 = DIRECTION ( 'NONE',  ( -0.000000000000000000, 1.000000000000000000, -0.000000000000000000 ) ) ;
#681 = FACE_OUTER_BOUND ( 'NONE', #1555, .T. ) ;
#682 = VECTOR ( 'NONE', #1133, 39.37007874015748143 ) ;
#683 = CARTESIAN_POINT ( 'NONE',  ( -1.125000000000000444, 0.2500000000000001110, 0.8844000000000002970 ) ) ;
#684 = ORIENTED_EDGE ( 'NONE', *, *, #1040, .F. ) ;
#685 = DIRECTION ( 'NONE',  ( 0.000000000000000000, 0.000000000000000000, 1.000000000000000000 ) ) ;
#686 = EDGE_CURVE ( 'NONE', #2019, #332, #827, .T. ) ;
#687 = ORIENTED_EDGE ( 'NONE', *, *, #2858, .T. ) ;
#688 = ORIENTED_EDGE ( 'NONE', *, *, #2474, .F. ) ;
#689 = ADVANCED_FACE ( 'NONE', ( #591 ), #565, .F. ) ;
#690 = DIRECTION ( 'NONE',  ( 0.000000000000000000, 0.000000000000000000, 1.000000000000000000 ) ) ;
#691 = LINE ( 'NONE', #292, #2768 ) ;
#692 = EDGE_CURVE ( 'NONE', #2750, #1880, #985, .T. ) ;
#693 = CARTESIAN_POINT ( 'NONE',  ( -1.125000000000000444, 0.2500000000000001110, 0.7500000000000003331 ) ) ;
#694 = CARTESIAN_POINT ( 'NONE',  ( -0.6450000000000003508, 0.2500000000000000000, -1.999999999999999334 ) ) ;
#695 = CARTESIAN_POINT ( 'NONE',  ( -0.6250000000000000000, 0.2300000000000000100, 1.000000000000000000 ) ) ;
#696 = DIRECTION ( 'NONE',  ( 0.000000000000000000, 0.000000000000000000, 1.000000000000000000 ) ) ;
#697 = EDGE_CURVE ( 'NONE', #1811, #361, #245, .T. ) ;
#698 = CARTESIAN_POINT ( 'NONE',  ( -0.6250000000000000000, 0.2300000000000000100, 0.7438262308510098508 ) ) ;
#699 = ORIENTED_EDGE ( 'NONE', *, *, #2263, .F. ) ;
#700 = DIRECTION ( 'NONE',  ( 0.000000000000000000, 0.000000000000000000, 1.000000000000000000 ) ) ;
#701 = ORIENTED_EDGE ( 'NONE', *, *, #1461, .T. ) ;
#702 = VERTEX_POINT ( 'NONE', #2601 ) ;
#703 = ORIENTED_EDGE ( 'NONE', *, *, #1463, .T. ) ;
#704 = AXIS2_PLACEMENT_3D ( 'NONE', #2583, #587, #1027 ) ;
#705 = EDGE_CURVE ( 'NONE', #2529, #675, #1123, .T. ) ;
#706 = CARTESIAN_POINT ( 'NONE',  ( -1.015600000000000724, 0.1380000000000002058, 0.7500000000000003331 ) ) ;
#707 = FACE_OUTER_BOUND ( 'NONE', #1825, .T. ) ;
#708 = DIRECTION ( 'NONE',  ( 1.365923996832131609E-16, -0.000000000000000000, 1.000000000000000000 ) ) ;
#709 = FACE_OUTER_BOUND ( 'NONE', #2625, .T. ) ;
#710 = AXIS2_PLACEMENT_3D ( 'NONE', #1350, #450, #2431 ) ;
#711 = LINE ( 'NONE', #327, #2073 ) ;
#712 = CYLINDRICAL_SURFACE ( 'NONE', #2298, 0.02000000000000005940 ) ;
#713 = EDGE_LOOP ( 'NONE', ( #2319, #674, #142, #2110 ) ) ;
#714 = AXIS2_PLACEMENT_3D ( 'NONE', #1806, #987, #1613 ) ;
#715 = FACE_OUTER_BOUND ( 'NONE', #936, .T. ) ;
#716 = ORIENTED_EDGE ( 'NONE', *, *, #476, .T. ) ;
#717 = VERTEX_POINT ( 'NONE', #130 ) ;
#718 = AXIS2_PLACEMENT_3D ( 'NONE', #2621, #2599, #1935 ) ;
#719 = TOROIDAL_SURFACE ( 'NONE', #2628, 0.1800000000000000211, 0.02000000000000000042 ) ;
#720 = FACE_BOUND ( 'NONE', #1356, .T. ) ;
#721 = ORIENTED_EDGE ( 'NONE', *, *, #1864, .T. ) ;
#722 = CARTESIAN_POINT ( 'NONE',  ( -0.6250000000000003331, 0.1250000000000000000, -1.999999999999999334 ) ) ;
#723 = AXIS2_PLACEMENT_3D ( 'NONE', #1180, #2631, #1765 ) ;
#724 = DIRECTION ( 'NONE',  ( 0.000000000000000000, 0.000000000000000000, 1.000000000000000000 ) ) ;
#725 = ADVANCED_FACE ( 'NONE', ( #2374 ), #1440, .T. ) ;
#726 = FACE_OUTER_BOUND ( 'NONE', #747, .T. ) ;
#727 = EDGE_CURVE ( 'NONE', #2123, #1762, #1870, .T. ) ;
#728 = DIRECTION ( 'NONE',  ( 0.000000000000000000, 1.000000000000000000, 0.000000000000000000 ) ) ;
#729 = DIRECTION ( 'NONE',  ( 0.000000000000000000, -1.000000000000000000, 0.000000000000000000 ) ) ;
#730 = ORIENTED_EDGE ( 'NONE', *, *, #1347, .F. ) ;
#731 = ADVANCED_FACE ( 'NONE', ( #816 ), #1009, .T. ) ;
#732 = CARTESIAN_POINT ( 'NONE',  ( 1.604999999999999760, 0.01999999999999999001, -1.999999999999999334 ) ) ;
#733 = EDGE_LOOP ( 'NONE', ( #978, #1118, #1590, #737 ) ) ;
#734 = AXIS2_PLACEMENT_3D ( 'NONE', #2656, #1317, #2210 ) ;
#735 = VERTEX_POINT ( 'NONE', #2788 ) ;
#736 = DIRECTION ( 'NONE',  ( 0.000000000000000000, 0.000000000000000000, 1.000000000000000000 ) ) ;
#737 = ORIENTED_EDGE ( 'NONE', *, *, #1065, .F. ) ;
#738 = PERSON_AND_ORGANIZATION ( #2636, #2808 ) ;
#739 = FACE_OUTER_BOUND ( 'NONE', #1144, .T. ) ;
#740 = PLANE ( 'NONE',  #484 ) ;
#741 = EDGE_CURVE ( 'NONE', #2280, #1880, #1217, .T. ) ;
#742 = DIRECTION ( 'NONE',  ( 0.000000000000000000, 0.000000000000000000, 1.000000000000000000 ) ) ;
#743 = CARTESIAN_POINT ( 'NONE',  ( -0.6250000000000000000, 0.1250000000000000000, 1.000000000000000000 ) ) ;
#744 = ORIENTED_EDGE ( 'NONE', *, *, #2554, .T. ) ;
#745 = DIRECTION ( 'NONE',  ( -1.000000000000000000, 0.000000000000000000, 0.000000000000000000 ) ) ;
#746 = ORIENTED_EDGE ( 'NONE', *, *, #2157, .F. ) ;
#747 = EDGE_LOOP ( 'NONE', ( #2297, #1963, #225, #955 ) ) ;
#748 = CARTESIAN_POINT ( 'NONE',  ( 1.124999999999999778, 0.2500000000000000000, 1.500000000000000444 ) ) ;
#749 = ORIENTED_EDGE ( 'NONE', *, *, #1196, .T. ) ;
#750 = CIRCLE ( 'NONE', #2243, 0.1344000000000000750 ) ;
#751 = CYLINDRICAL_SURFACE ( 'NONE', #992, 0.1093999999999996642 ) ;
#752 = CIRCLE ( 'NONE', #2530, 0.1799999999999999933 ) ;
#753 = CARTESIAN_POINT ( 'NONE',  ( 1.124999999999999778, 0.2250000000000000611, 1.500000000000000444 ) ) ;
#754 = DIRECTION ( 'NONE',  ( 0.000000000000000000, 1.000000000000000000, 0.000000000000000000 ) ) ;
#755 = VERTEX_POINT ( 'NONE', #788 ) ;
#756 = VECTOR ( 'NONE', #2127, 39.37007874015748854 ) ;
#757 = DIRECTION ( 'NONE',  ( 0.000000000000000000, 0.000000000000000000, -1.000000000000000000 ) ) ;
#758 = VERTEX_POINT ( 'NONE', #1487 ) ;
#759 = EDGE_CURVE ( 'NONE', #2869, #30, #1719, .T. ) ;
#760 = CIRCLE ( 'NONE', #2440, 0.06425000000000041789 ) ;
#761 = EDGE_LOOP ( 'NONE', ( #334, #613, #551, #2412 ) ) ;
#762 = EDGE_CURVE ( 'NONE', #2504, #2050, #370, .T. ) ;
#763 = LINE ( 'NONE', #2037, #2007 ) ;
#764 = EDGE_LOOP ( 'NONE', ( #775, #2642 ) ) ;
#765 = APPLICATION_PROTOCOL_DEFINITION ( 'international standard', 'config_control_design', 1994, #1354 ) ;
#766 = VECTOR ( 'NONE', #1947, 39.37007874015748143 ) ;
#767 = AXIS2_PLACEMENT_3D ( 'NONE', #375, #1493, #2198 ) ;
#768 = AXIS2_PLACEMENT_3D ( 'NONE', #549, #1404, #1618 ) ;
#769 = EDGE_CURVE ( 'NONE', #735, #45, #834, .T. ) ;
#770 = FACE_OUTER_BOUND ( 'NONE', #924, .T. ) ;
#771 = LINE ( 'NONE', #2314, #1370 ) ;
#772 = DIRECTION ( 'NONE',  ( 0.000000000000000000, 0.000000000000000000, 1.000000000000000000 ) ) ;
#773 = ORIENTED_EDGE ( 'NONE', *, *, #2302, .T. ) ;
#774 = CARTESIAN_POINT ( 'NONE',  ( -1.604999999999999760, 0.2500000000000000000, 1.980000000000000426 ) ) ;
#775 = ORIENTED_EDGE ( 'NONE', *, *, #185, .F. ) ;
#776 = EDGE_LOOP ( 'NONE', ( #1516, #1345, #1096, #203 ) ) ;
#777 = CARTESIAN_POINT ( 'NONE',  ( 1.604999999999999760, 0.1050000000000000100, -1.979999999999999316 ) ) ;
#778 = ORIENTED_EDGE ( 'NONE', *, *, #2406, .T. ) ;
#779 = DATE_AND_TIME ( #308, #2308 ) ;
#780 = DIRECTION ( 'NONE',  ( 0.000000000000000000, 0.000000000000000000, 1.000000000000000000 ) ) ;
#781 = EDGE_CURVE ( 'NONE', #2867, #813, #2384, .T. ) ;
#782 = CARTESIAN_POINT ( 'NONE',  ( 1.605000000000000204, 0.2500000000000000000, 1.020000000000000684 ) ) ;
#783 = CARTESIAN_POINT ( 'NONE',  ( -1.125000000000000222, 0.2500000000000001110, 1.500000000000000444 ) ) ;
#784 = DIRECTION ( 'NONE',  ( -0.000000000000000000, 1.000000000000000000, 0.000000000000000000 ) ) ;
#785 = CARTESIAN_POINT ( 'NONE',  ( -1.125000000000000222, 0.2500000000000001110, 1.365600000000000369 ) ) ;
#786 = EDGE_LOOP ( 'NONE', ( #1867, #2206 ) ) ;
#787 = AXIS2_PLACEMENT_3D ( 'NONE', #1812, #1654, #1408 ) ;
#788 = CARTESIAN_POINT ( 'NONE',  ( 0.3749999999999998335, 0.2250000000000000611, 1.390600000000000502 ) ) ;
#789 = EDGE_LOOP ( 'NONE', ( #1645, #980, #2630, #2649 ) ) ;
#790 = CARTESIAN_POINT ( 'NONE',  ( 1.624999999999999778, 0.1050000000000000100, -1.979999999999999316 ) ) ;
#791 = ADVANCED_FACE ( 'NONE', ( #1256 ), #1036, .T. ) ;
#792 = DIRECTION ( 'NONE',  ( 0.000000000000000000, 0.000000000000000000, 1.000000000000000000 ) ) ;
#793 = CARTESIAN_POINT ( 'NONE',  ( -1.125000000000000666, 0.2500000000000000000, -0.7499999999999997780 ) ) ;
#794 = CARTESIAN_POINT ( 'NONE',  ( -0.6450000000000003508, 0.2300000000000000100, -1.979999999999999316 ) ) ;
#795 = AXIS2_PLACEMENT_3D ( 'NONE', #1499, #1542, #1525 ) ;
#796 = DIRECTION ( 'NONE',  ( 0.000000000000000000, 0.000000000000000000, -1.000000000000000000 ) ) ;
#797 = CIRCLE ( 'NONE', #1639, 0.1093999999999996642 ) ;
#798 = AXIS2_PLACEMENT_3D ( 'NONE', #1768, #2659, #878 ) ;
#799 = VERTEX_POINT ( 'NONE', #167 ) ;
#800 = DIRECTION ( 'NONE',  ( 1.000000000000000000, -0.000000000000000000, -0.000000000000000000 ) ) ;
#801 = VECTOR ( 'NONE', #1398, 39.37007874015748854 ) ;
#802 = EDGE_LOOP ( 'NONE', ( #1169, #778, #59 ) ) ;
#803 = AXIS2_PLACEMENT_3D ( 'NONE', #2294, #295, #2075 ) ;
#804 = CARTESIAN_POINT ( 'NONE',  ( -0.3750000000000002220, 0.2500000000000000000, 1.500000000000000444 ) ) ;
#805 = AXIS2_PLACEMENT_3D ( 'NONE', #1473, #1697, #1026 ) ;
#806 = AXIS2_PLACEMENT_3D ( 'NONE', #1795, #1329, #1570 ) ;
#807 = DIRECTION ( 'NONE',  ( 0.000000000000000000, 0.000000000000000000, 1.000000000000000000 ) ) ;
#808 = CARTESIAN_POINT ( 'NONE',  ( 1.605000000000000204, 0.01999999999999999001, 1.980000000000000204 ) ) ;
#809 = EDGE_CURVE ( 'NONE', #410, #2123, #1051, .T. ) ;
#810 = CARTESIAN_POINT ( 'NONE',  ( -1.125000000000000444, 0.2500000000000000000, 0.6406000000000005024 ) ) ;
#811 = AXIS2_PLACEMENT_3D ( 'NONE', #1164, #2496, #80 ) ;
#812 = DIRECTION ( 'NONE',  ( 0.000000000000000000, 0.000000000000000000, -1.000000000000000000 ) ) ;
#813 = VERTEX_POINT ( 'NONE', #626 ) ;
#814 = EDGE_CURVE ( 'NONE', #1587, #2521, #655, .T. ) ;
#815 = VERTEX_POINT ( 'NONE', #2426 ) ;
#816 = FACE_OUTER_BOUND ( 'NONE', #2789, .T. ) ;
#817 = ORIENTED_EDGE ( 'NONE', *, *, #1348, .F. ) ;
#818 = VECTOR ( 'NONE', #434, 39.37007874015748143 ) ;
#819 = DIRECTION ( 'NONE',  ( 0.000000000000000000, 0.000000000000000000, -1.000000000000000000 ) ) ;
#820 = CARTESIAN_POINT ( 'NONE',  ( 0.3749999999999998335, 0.2500000000000001110, 1.500000000000000444 ) ) ;
#821 = DIRECTION ( 'NONE',  ( 1.000000000000000000, 0.000000000000000000, 0.000000000000000000 ) ) ;
#822 = DIRECTION ( 'NONE',  ( 0.000000000000000000, 0.000000000000000000, 1.000000000000000000 ) ) ;
#823 = EDGE_CURVE ( 'NONE', #2427, #2415, #2011, .T. ) ;
#824 = EDGE_CURVE ( 'NONE', #2673, #592, #2148, .T. ) ;
#825 = FACE_OUTER_BOUND ( 'NONE', #2787, .T. ) ;
#826 = ORIENTED_EDGE ( 'NONE', *, *, #2103, .T. ) ;
#827 = LINE ( 'NONE', #2803, #2842 ) ;
#828 = EDGE_LOOP ( 'NONE', ( #468, #2133, #874, #1450 ) ) ;
#829 = DIRECTION ( 'NONE',  ( -0.000000000000000000, 1.000000000000000000, -0.000000000000000000 ) ) ;
#830 = CARTESIAN_POINT ( 'NONE',  ( -1.604999999999999982, 0.000000000000000000, 2.192308014915571159E-16 ) ) ;
#831 = FACE_OUTER_BOUND ( 'NONE', #950, .T. ) ;
#832 = DIRECTION ( 'NONE',  ( -1.000000000000000000, 0.000000000000000000, 0.000000000000000000 ) ) ;
#833 = CONICAL_SURFACE ( 'NONE', #569, 0.1343999999999997974, 0.7853981633974441712 ) ;
#834 = CIRCLE ( 'NONE', #1774, 0.02000000000000005940 ) ;
#835 = CARTESIAN_POINT ( 'NONE',  ( -1.125000000000000666, 0.2500000000000001110, -1.634399999999999853 ) ) ;
#836 = VERTEX_POINT ( 'NONE', #1761 ) ;
#837 = ORIENTED_EDGE ( 'NONE', *, *, #809, .F. ) ;
#838 = DIRECTION ( 'NONE',  ( 0.000000000000000000, 0.000000000000000000, 1.000000000000000000 ) ) ;
#839 = ADVANCED_FACE ( 'NONE', ( #2626 ), #2653, .T. ) ;
#840 = ORIENTED_EDGE ( 'NONE', *, *, #1934, .F. ) ;
#841 = ORIENTED_EDGE ( 'NONE', *, *, #371, .T. ) ;
#842 = ADVANCED_FACE ( 'NONE', ( #193 ), #712, .T. ) ;
#843 = CARTESIAN_POINT ( 'NONE',  ( 1.605000000000000204, 0.1250000000000000000, 1.000000000000000444 ) ) ;
#844 = AXIS2_PLACEMENT_3D ( 'NONE', #280, #1135, #2056 ) ;
#845 = APPROVAL_PERSON_ORGANIZATION ( #335, #1430, #2337 ) ;
#846 = CYLINDRICAL_SURFACE ( 'NONE', #1922, 0.1093999999999997891 ) ;
#847 = ADVANCED_FACE ( 'NONE', ( #858 ), #1152, .T. ) ;
#848 = AXIS2_PLACEMENT_3D ( 'NONE', #238, #25, #467 ) ;
#849 = DIRECTION ( 'NONE',  ( 0.000000000000000000, 1.000000000000000000, -0.000000000000000000 ) ) ;
#850 = CARTESIAN_POINT ( 'NONE',  ( -1.605000000000000204, 0.01999999999999999001, -1.979999999999999316 ) ) ;
#851 = DIRECTION ( 'NONE',  ( -1.000000000000000000, 0.000000000000000000, 0.000000000000000000 ) ) ;
#852 = VECTOR ( 'NONE', #209, 39.37007874015748143 ) ;
#853 = VECTOR ( 'NONE', #1700, 39.37007874015748143 ) ;
#854 = AXIS2_PLACEMENT_3D ( 'NONE', #201, #221, #1085 ) ;
#855 = DIRECTION ( 'NONE',  ( 1.000000000000000000, 1.365923996832132122E-14, 0.000000000000000000 ) ) ;
#856 = ORIENTED_EDGE ( 'NONE', *, *, #1113, .F. ) ;
#857 = VERTEX_POINT ( 'NONE', #2414 ) ;
#858 = FACE_OUTER_BOUND ( 'NONE', #1290, .T. ) ;
#859 = VERTEX_POINT ( 'NONE', #933 ) ;
#860 = VERTEX_POINT ( 'NONE', #2442 ) ;
#861 = DIRECTION ( 'NONE',  ( -0.000000000000000000, 1.000000000000000000, -0.000000000000000000 ) ) ;
#862 = CC_DESIGN_PERSON_AND_ORGANIZATION_ASSIGNMENT ( #1468, #2524, ( #893 ) ) ;
#863 = CARTESIAN_POINT ( 'NONE',  ( -1.125000000000000444, 0.1380000000000002058, 0.7500000000000003331 ) ) ;
#864 = DIRECTION ( 'NONE',  ( 0.000000000000000000, 0.000000000000000000, 1.000000000000000000 ) ) ;
#865 = CARTESIAN_POINT ( 'NONE',  ( -1.125000000000000222, 0.1380000000000002058, 1.564250000000000584 ) ) ;
#866 = CARTESIAN_POINT ( 'NONE',  ( -1.125000000000000666, 0.2250000000000000611, -0.6405999999999999472 ) ) ;
#867 = EDGE_CURVE ( 'NONE', #2454, #487, #639, .T. ) ;
#868 = ORIENTED_EDGE ( 'NONE', *, *, #517, .F. ) ;
#869 = CIRCLE ( 'NONE', #1249, 0.2000000000000000389 ) ;
#870 = DIRECTION ( 'NONE',  ( -0.000000000000000000, 1.000000000000000000, -0.000000000000000000 ) ) ;
#871 = EDGE_LOOP ( 'NONE', ( #1714, #458, #1846, #989 ) ) ;
#872 = FACE_OUTER_BOUND ( 'NONE', #1437, .T. ) ;
#873 = CYLINDRICAL_SURFACE ( 'NONE', #2658, 0.06425000000000027911 ) ;
#874 = ORIENTED_EDGE ( 'NONE', *, *, #2567, .F. ) ;
#875 = ORIENTED_EDGE ( 'NONE', *, *, #2635, .F. ) ;
#876 = DIRECTION ( 'NONE',  ( -0.000000000000000000, 1.000000000000000000, -0.000000000000000000 ) ) ;
#877 = CARTESIAN_POINT ( 'NONE',  ( -1.604999999999999760, 0.000000000000000000, 1.980000000000000426 ) ) ;
#878 = DIRECTION ( 'NONE',  ( 0.000000000000000000, 0.000000000000000000, 1.000000000000000000 ) ) ;
#879 = DIRECTION ( 'NONE',  ( -0.000000000000000000, 1.000000000000000000, -0.000000000000000000 ) ) ;
#880 = CARTESIAN_POINT ( 'NONE',  ( -1.125000000000000444, 0.2500000000000000000, 0.8142500000000004734 ) ) ;
#881 = EDGE_CURVE ( 'NONE', #2036, #1502, #752, .T. ) ;
#882 = EDGE_LOOP ( 'NONE', ( #2735, #2704, #1017, #1675 ) ) ;
#883 = LINE ( 'NONE', #437, #261 ) ;
#884 = ORIENTED_EDGE ( 'NONE', *, *, #2405, .T. ) ;
#885 = CARTESIAN_POINT ( 'NONE',  ( 1.605000000000000204, 0.2500000000000000000, 1.980000000000000204 ) ) ;
#886 = ORIENTED_EDGE ( 'NONE', *, *, #1716, .T. ) ;
#887 = ORIENTED_EDGE ( 'NONE', *, *, #1932, .F. ) ;
#888 = CYLINDRICAL_SURFACE ( 'NONE', #416, 0.1093999999999996642 ) ;
#889 = AXIS2_PLACEMENT_3D ( 'NONE', #1150, #1833, #963 ) ;
#890 = DIRECTION ( 'NONE',  ( 0.000000000000000000, 0.000000000000000000, 1.000000000000000000 ) ) ;
#891 = CIRCLE ( 'NONE', #1268, 0.01999999999999991715 ) ;
#892 = AXIS2_PLACEMENT_3D ( 'NONE', #986, #1876, #2338 ) ;
#893 = PRODUCT_DEFINITION_FORMATION_WITH_SPECIFIED_SOURCE ( 'ANY', '', #1498, .NOT_KNOWN. ) ;
#894 = CARTESIAN_POINT ( 'NONE',  ( 1.625000000000000222, 0.2500000000000000000, 1.980000000000000204 ) ) ;
#895 = DIRECTION ( 'NONE',  ( -1.365923996832131609E-16, 0.000000000000000000, -1.000000000000000000 ) ) ;
#896 = CARTESIAN_POINT ( 'NONE',  ( -1.125000000000000444, 0.000000000000000000, 0.7500000000000003331 ) ) ;
#897 = CARTESIAN_POINT ( 'NONE',  ( -1.125000000000000666, 0.000000000000000000, -1.435749999999999860 ) ) ;
#898 = ORIENTED_EDGE ( 'NONE', *, *, #1573, .F. ) ;
#899 = VECTOR ( 'NONE', #1718, 39.37007874015748854 ) ;
#900 = EDGE_CURVE ( 'NONE', #2333, #1632, #611, .T. ) ;
#901 = DIRECTION ( 'NONE',  ( 1.365923996832131609E-16, -0.000000000000000000, 1.000000000000000000 ) ) ;
#902 = CIRCLE ( 'NONE', #540, 0.06425000000000027911 ) ;
#903 = VERTEX_POINT ( 'NONE', #68 ) ;
#904 = EDGE_CURVE ( 'NONE', #2322, #1938, #1984, .T. ) ;
#905 = CIRCLE ( 'NONE', #1840, 0.06425000000000000155 ) ;
#906 = AXIS2_PLACEMENT_3D ( 'NONE', #808, #1070, #1740 ) ;
#907 = VECTOR ( 'NONE', #1107, 39.37007874015748854 ) ;
#908 = DIRECTION ( 'NONE',  ( -0.000000000000000000, 1.000000000000000000, -0.000000000000000000 ) ) ;
#909 = ORIENTED_EDGE ( 'NONE', *, *, #2072, .F. ) ;
#910 = ADVANCED_FACE ( 'NONE', ( #180 ), #873, .F. ) ;
#911 = ORIENTED_EDGE ( 'NONE', *, *, #1915, .F. ) ;
#912 = DIRECTION ( 'NONE',  ( -0.000000000000000000, 1.000000000000000000, -0.000000000000000000 ) ) ;
#913 =( NAMED_UNIT ( * ) PLANE_ANGLE_UNIT ( ) SI_UNIT ( $, .RADIAN. ) );
#914 = CARTESIAN_POINT ( 'NONE',  ( -1.125000000000000666, 0.2250000000000000611, -1.499999999999999778 ) ) ;
#915 = CARTESIAN_POINT ( 'NONE',  ( -1.625000000000000222, 0.2500000000000000000, -1.999999999999999334 ) ) ;
#916 = DIRECTION ( 'NONE',  ( 1.000000000000000000, 0.000000000000000000, 0.000000000000000000 ) ) ;
#917 = EDGE_CURVE ( 'NONE', #323, #1746, #1028, .T. ) ;
#918 = CARTESIAN_POINT ( 'NONE',  ( -0.3688262308510104059, 0.1250000000000000000, 1.000000000000000444 ) ) ;
#919 = CARTESIAN_POINT ( 'NONE',  ( 1.625000000000000666, 0.2300000000000000100, 1.000000000000000444 ) ) ;
#920 = VERTEX_POINT ( 'NONE', #2058 ) ;
#921 = EDGE_CURVE ( 'NONE', #1609, #717, #24, .T. ) ;
#922 = CARTESIAN_POINT ( 'NONE',  ( -1.125000000000000666, 0.2500000000000001110, -1.634399999999999853 ) ) ;
#923 = ORIENTED_EDGE ( 'NONE', *, *, #399, .F. ) ;
#924 = EDGE_LOOP ( 'NONE', ( #1692, #1418, #976, #2218 ) ) ;
#925 = FACE_OUTER_BOUND ( 'NONE', #828, .T. ) ;
#926 = DIRECTION ( 'NONE',  ( -1.000000000000000000, 0.000000000000000000, 0.000000000000000000 ) ) ;
#927 = DIRECTION ( 'NONE',  ( 0.000000000000000000, 0.000000000000000000, 1.000000000000000000 ) ) ;
#928 = DIRECTION ( 'NONE',  ( 1.000000000000000000, 0.000000000000000000, 0.000000000000000000 ) ) ;
#929 = EDGE_CURVE ( 'NONE', #1637, #560, #2398, .T. ) ;
#930 = DIRECTION ( 'NONE',  ( 0.000000000000000000, 0.000000000000000000, 1.000000000000000000 ) ) ;
#931 = VECTOR ( 'NONE', #1396, 39.37007874015748143 ) ;
#932 = CYLINDRICAL_SURFACE ( 'NONE', #996, 0.1093999999999997891 ) ;
#933 = CARTESIAN_POINT ( 'NONE',  ( -1.605000000000000204, 0.2300000000000000100, -1.999999999999999334 ) ) ;
#934 = ORIENTED_EDGE ( 'NONE', *, *, #1699, .F. ) ;
#935 = CARTESIAN_POINT ( 'NONE',  ( -1.125000000000000444, 0.000000000000000000, 2.731847993664263218E-16 ) ) ;
#936 = EDGE_LOOP ( 'NONE', ( #2334, #453, #2320, #1126 ) ) ;
#937 = EDGE_LOOP ( 'NONE', ( #508, #2413, #318, #2189 ) ) ;
#938 = EDGE_CURVE ( 'NONE', #2529, #2504, #1729, .T. ) ;
#939 = FACE_BOUND ( 'NONE', #764, .T. ) ;
#940 = DIRECTION ( 'NONE',  ( 0.000000000000000000, -1.000000000000000000, 0.000000000000000000 ) ) ;
#941 = ADVANCED_FACE ( 'NONE', ( #1627 ), #1032, .T. ) ;
#942 = DIRECTION ( 'NONE',  ( 9.106159978880878627E-17, 0.000000000000000000, 1.000000000000000000 ) ) ;
#943 = DIRECTION ( 'NONE',  ( 0.000000000000000000, 0.000000000000000000, 1.000000000000000000 ) ) ;
#944 = LINE ( 'NONE', #2071, #117 ) ;
#945 = CIRCLE ( 'NONE', #2578, 0.1343999999999999362 ) ;
#946 = ADVANCED_FACE ( 'NONE', ( #1659 ), #299, .F. ) ;
#947 = FACE_OUTER_BOUND ( 'NONE', #2397, .T. ) ;
#948 = DIRECTION ( 'NONE',  ( -0.000000000000000000, 1.000000000000000000, -0.000000000000000000 ) ) ;
#949 = EDGE_LOOP ( 'NONE', ( #2059, #1467 ) ) ;
#950 = EDGE_LOOP ( 'NONE', ( #1172, #2117 ) ) ;
#951 = FACE_OUTER_BOUND ( 'NONE', #223, .T. ) ;
#952 = ORIENTED_EDGE ( 'NONE', *, *, #1648, .T. ) ;
#953 = AXIS2_PLACEMENT_3D ( 'NONE', #935, #2204, #700 ) ;
#954 = EDGE_CURVE ( 'NONE', #2220, #1860, #154, .T. ) ;
#955 = ORIENTED_EDGE ( 'NONE', *, *, #1851, .F. ) ;
#956 = AXIS2_PLACEMENT_3D ( 'NONE', #1921, #1048, #407 ) ;
#957 = DIRECTION ( 'NONE',  ( -0.000000000000000000, 1.000000000000000000, -0.000000000000000000 ) ) ;
#958 = VERTEX_POINT ( 'NONE', #1879 ) ;
#959 = CARTESIAN_POINT ( 'NONE',  ( 0.000000000000000000, 0.000000000000000000, 0.000000000000000000 ) ) ;
#960 = AXIS2_PLACEMENT_3D ( 'NONE', #460, #2178, #676 ) ;
#961 = EDGE_CURVE ( 'NONE', #1341, #2191, #1434, .T. ) ;
#962 = FACE_OUTER_BOUND ( 'NONE', #1688, .T. ) ;
#963 = DIRECTION ( 'NONE',  ( 0.000000000000000000, 0.000000000000000000, 1.000000000000000000 ) ) ;
#964 = DIRECTION ( 'NONE',  ( 0.000000000000000000, 0.000000000000000000, 1.000000000000000000 ) ) ;
#965 = VERTEX_POINT ( 'NONE', #1225 ) ;
#966 = PLANE ( 'NONE',  #2544 ) ;
#967 = ORIENTED_EDGE ( 'NONE', *, *, #2192, .F. ) ;
#968 = ORIENTED_EDGE ( 'NONE', *, *, #2613, .T. ) ;
#969 = DIRECTION ( 'NONE',  ( -0.000000000000000000, 1.000000000000000000, -0.000000000000000000 ) ) ;
#970 = EDGE_LOOP ( 'NONE', ( #1378, #412 ) ) ;
#971 = DATE_TIME_ROLE ( 'creation_date' ) ;
#972 = CYLINDRICAL_SURFACE ( 'NONE', #1033, 0.06425000000000027911 ) ;
#973 = FACE_OUTER_BOUND ( 'NONE', #446, .T. ) ;
#974 = CARTESIAN_POINT ( 'NONE',  ( -1.125000000000000222, 0.000000000000000000, 1.435750000000000304 ) ) ;
#975 = EDGE_CURVE ( 'NONE', #2855, #1632, #1918, .T. ) ;
#976 = ORIENTED_EDGE ( 'NONE', *, *, #93, .T. ) ;
#977 = FACE_OUTER_BOUND ( 'NONE', #181, .T. ) ;
#978 = ORIENTED_EDGE ( 'NONE', *, *, #175, .F. ) ;
#979 = EDGE_CURVE ( 'NONE', #1726, #1587, #2064, .T. ) ;
#980 = ORIENTED_EDGE ( 'NONE', *, *, #1347, .T. ) ;
#981 = DIRECTION ( 'NONE',  ( 0.000000000000000000, 0.000000000000000000, 1.000000000000000000 ) ) ;
#982 = EDGE_LOOP ( 'NONE', ( #1538, #2590, #1288, #102 ) ) ;
#983 = APPROVAL_DATE_TIME ( #1623, #1430 ) ;
#984 = AXIS2_PLACEMENT_3D ( 'NONE', #794, #784, #1945 ) ;
#985 = CIRCLE ( 'NONE', #2756, 0.1344000000000000750 ) ;
#986 = CARTESIAN_POINT ( 'NONE',  ( -1.125000000000000444, 0.2500000000000001110, 2.731847993664263218E-16 ) ) ;
#987 = DIRECTION ( 'NONE',  ( -0.000000000000000000, 1.000000000000000000, -0.000000000000000000 ) ) ;
#988 = DIRECTION ( 'NONE',  ( -0.000000000000000000, 1.000000000000000000, -0.000000000000000000 ) ) ;
#989 = ORIENTED_EDGE ( 'NONE', *, *, #938, .F. ) ;
#990 = AXIS2_PLACEMENT_3D ( 'NONE', #914, #432, #864 ) ;
#991 = ADVANCED_FACE ( 'NONE', ( #2077 ), #1853, .T. ) ;
#992 = AXIS2_PLACEMENT_3D ( 'NONE', #804, #2312, #1456 ) ;
#993 = CARTESIAN_POINT ( 'NONE',  ( -0.6250000000000000000, 0.2500000000000000000, 1.145000000000000018 ) ) ;
#994 = AXIS2_PLACEMENT_3D ( 'NONE', #1518, #2614, #819 ) ;
#995 = ORIENTED_EDGE ( 'NONE', *, *, #2670, .F. ) ;
#996 = AXIS2_PLACEMENT_3D ( 'NONE', #2340, #2099, #2115 ) ;
#997 = CARTESIAN_POINT ( 'NONE',  ( 1.605000000000000204, 0.2300000000000000100, 1.020000000000000684 ) ) ;
#998 = EDGE_CURVE ( 'NONE', #1726, #666, #891, .T. ) ;
#999 = ORIENTED_EDGE ( 'NONE', *, *, #961, .F. ) ;
#1000 = APPROVAL_ROLE ( '' ) ;
#1001 = AXIS2_PLACEMENT_3D ( 'NONE', #2395, #1059, #623 ) ;
#1002 = VECTOR ( 'NONE', #1046, 39.37007874015748143 ) ;
#1003 = DIRECTION ( 'NONE',  ( -0.7882269819968886759, 0.000000000000000000, -0.6153846153846198597 ) ) ;
#1004 = SPHERICAL_SURFACE ( 'NONE', #1496, 0.02000000000000000042 ) ;
#1005 = ORIENTED_EDGE ( 'NONE', *, *, #824, .T. ) ;
#1006 = CARTESIAN_POINT ( 'NONE',  ( -1.125000000000000666, 0.1380000000000002058, -1.435749999999999638 ) ) ;
#1007 = EDGE_CURVE ( 'NONE', #291, #2046, #797, .T. ) ;
#1008 = ORIENTED_EDGE ( 'NONE', *, *, #2500, .T. ) ;
#1009 = CYLINDRICAL_SURFACE ( 'NONE', #2610, 0.02000000000000005940 ) ;
#1010 = EDGE_LOOP ( 'NONE', ( #2271, #2600 ) ) ;
#1011 = CALENDAR_DATE ( 2025, 2, 5 ) ;
#1012 = CARTESIAN_POINT ( 'NONE',  ( 1.605000000000000426, 0.2500000000000000000, 2.000000000000000444 ) ) ;
#1013 = DIRECTION ( 'NONE',  ( 0.000000000000000000, 0.000000000000000000, 1.000000000000000000 ) ) ;
#1014 = CARTESIAN_POINT ( 'NONE',  ( -1.125000000000000444, 0.2250000000000000611, 0.7500000000000003331 ) ) ;
#1015 = DIRECTION ( 'NONE',  ( 0.000000000000000000, 0.000000000000000000, 1.000000000000000000 ) ) ;
#1016 = DIRECTION ( 'NONE',  ( 0.000000000000000000, 0.000000000000000000, 1.000000000000000000 ) ) ;
#1017 = ORIENTED_EDGE ( 'NONE', *, *, #1097, .T. ) ;
#1018 = ORIENTED_EDGE ( 'NONE', *, *, #1864, .F. ) ;
#1019 = AXIS2_PLACEMENT_3D ( 'NONE', #2737, #736, #1621 ) ;
#1020 = CARTESIAN_POINT ( 'NONE',  ( -1.625000000000000222, 0.1050000000000000100, -1.999999999999999334 ) ) ;
#1021 = EDGE_LOOP ( 'NONE', ( #87, #44, #358, #773 ) ) ;
#1022 = EDGE_CURVE ( 'NONE', #2050, #11, #2341, .T. ) ;
#1023 = EDGE_CURVE ( 'NONE', #857, #1637, #2570, .T. ) ;
#1024 = FACE_OUTER_BOUND ( 'NONE', #457, .T. ) ;
#1025 = CARTESIAN_POINT ( 'NONE',  ( 0.3749999999999998335, 0.1380000000000002058, 1.500000000000000444 ) ) ;
#1026 = DIRECTION ( 'NONE',  ( 0.000000000000000000, 0.000000000000000000, -1.000000000000000000 ) ) ;
#1027 = DIRECTION ( 'NONE',  ( 0.000000000000000000, 0.000000000000000000, 1.000000000000000000 ) ) ;
#1028 = CIRCLE ( 'NONE', #1409, 0.1093999999999997891 ) ;
#1029 = EDGE_CURVE ( 'NONE', #2080, #860, #2806, .T. ) ;
#1030 = FACE_OUTER_BOUND ( 'NONE', #505, .T. ) ;
#1031 = AXIS2_PLACEMENT_3D ( 'NONE', #1850, #1612, #1567 ) ;
#1032 = TOROIDAL_SURFACE ( 'NONE', #2305, 0.1800000000000000211, 0.02000000000000000042 ) ;
#1033 = AXIS2_PLACEMENT_3D ( 'NONE', #2098, #2556, #2088 ) ;
#1034 = VERTEX_POINT ( 'NONE', #974 ) ;
#1035 = APPLICATION_CONTEXT ( 'configuration controlled 3d designs of mechanical parts and assemblies' ) ;
#1036 = CYLINDRICAL_SURFACE ( 'NONE', #527, 0.2000000000000000389 ) ;
#1037 = CIRCLE ( 'NONE', #994, 0.02000000000000005940 ) ;
#1038 = ORIENTED_EDGE ( 'NONE', *, *, #1161, .T. ) ;
#1039 = CIRCLE ( 'NONE', #1875, 0.06425000000000027911 ) ;
#1040 = EDGE_CURVE ( 'NONE', #2364, #2629, #1423, .T. ) ;
#1041 = LINE ( 'NONE', #1162, #1646 ) ;
#1042 = ADVANCED_FACE ( 'NONE', ( #84 ), #97, .T. ) ;
#1043 = AXIS2_PLACEMENT_3D ( 'NONE', #1132, #478, #2709 ) ;
#1044 = AXIS2_PLACEMENT_3D ( 'NONE', #2871, #2048, #2249 ) ;
#1045 = DIRECTION ( 'NONE',  ( 1.000000000000000000, -0.000000000000000000, -0.000000000000000000 ) ) ;
#1046 = DIRECTION ( 'NONE',  ( 1.000000000000000000, -0.000000000000000000, -0.000000000000000000 ) ) ;
#1047 = DIRECTION ( 'NONE',  ( -0.000000000000000000, 1.000000000000000000, -0.000000000000000000 ) ) ;
#1048 = DIRECTION ( 'NONE',  ( -0.000000000000000000, 1.000000000000000000, -0.000000000000000000 ) ) ;
#1049 = VERTEX_POINT ( 'NONE', #1417 ) ;
#1050 = ORIENTED_EDGE ( 'NONE', *, *, #2732, .T. ) ;
#1051 = LINE ( 'NONE', #2205, #149 ) ;
#1052 = EDGE_LOOP ( 'NONE', ( #2347, #576, #1091, #1327 ) ) ;
#1053 = CIRCLE ( 'NONE', #2690, 0.06425000000000000155 ) ;
#1054 = CARTESIAN_POINT ( 'NONE',  ( 1.604999999999999982, 0.01999999999999999001, -1.999999999999999334 ) ) ;
#1055 = DIRECTION ( 'NONE',  ( -0.000000000000000000, 1.000000000000000000, -0.000000000000000000 ) ) ;
#1056 = CARTESIAN_POINT ( 'NONE',  ( -0.3688262308510104059, 0.2300000000000000100, 1.200000000000000622 ) ) ;
#1057 = DIRECTION ( 'NONE',  ( -0.000000000000000000, 1.000000000000000000, -0.000000000000000000 ) ) ;
#1058 = ADVANCED_FACE ( 'NONE', ( #2517 ), #1211, .F. ) ;
#1059 = DIRECTION ( 'NONE',  ( -0.000000000000000000, 1.000000000000000000, -0.000000000000000000 ) ) ;
#1060 = VERTEX_POINT ( 'NONE', #2296 ) ;
#1061 = ADVANCED_FACE ( 'NONE', ( #296 ), #1184, .F. ) ;
#1062 = ORIENTED_EDGE ( 'NONE', *, *, #2635, .T. ) ;
#1063 = DIRECTION ( 'NONE',  ( 0.000000000000000000, 0.000000000000000000, 1.000000000000000000 ) ) ;
#1064 = ORIENTED_EDGE ( 'NONE', *, *, #2211, .F. ) ;
#1065 = EDGE_CURVE ( 'NONE', #2091, #1286, #1681, .T. ) ;
#1066 = ORIENTED_EDGE ( 'NONE', *, *, #62, .T. ) ;
#1067 = DIRECTION ( 'NONE',  ( -0.000000000000000000, 1.000000000000000000, -0.000000000000000000 ) ) ;
#1068 = FACE_OUTER_BOUND ( 'NONE', #2349, .T. ) ;
#1069 = DIRECTION ( 'NONE',  ( 0.000000000000000000, -1.000000000000000000, 0.000000000000000000 ) ) ;
#1070 = DIRECTION ( 'NONE',  ( -0.000000000000000000, 1.000000000000000000, -0.000000000000000000 ) ) ;
#1071 = DIRECTION ( 'NONE',  ( -0.000000000000000000, 1.000000000000000000, -0.000000000000000000 ) ) ;
#1072 = VECTOR ( 'NONE', #1071, 39.37007874015748143 ) ;
#1073 = DIRECTION ( 'NONE',  ( -1.000000000000000000, 0.000000000000000000, 0.000000000000000000 ) ) ;
#1074 = ORIENTED_EDGE ( 'NONE', *, *, #929, .F. ) ;
#1075 = ORIENTED_EDGE ( 'NONE', *, *, #274, .F. ) ;
#1076 = DIRECTION ( 'NONE',  ( 1.000000000000000000, -0.000000000000000000, 0.000000000000000000 ) ) ;
#1077 = EDGE_LOOP ( 'NONE', ( #1075, #2565, #2639, #1909 ) ) ;
#1078 = CIRCLE ( 'NONE', #710, 0.1450000000000001010 ) ;
#1079 = ORIENTED_EDGE ( 'NONE', *, *, #561, .F. ) ;
#1080 = DIRECTION ( 'NONE',  ( 0.000000000000000000, -1.000000000000000000, 0.000000000000000000 ) ) ;
#1081 = EDGE_CURVE ( 'NONE', #369, #2760, #1652, .T. ) ;
#1082 = CARTESIAN_POINT ( 'NONE',  ( 1.604999999999999760, 0.1050000000000000100, -1.979999999999999316 ) ) ;
#1083 = AXIS2_PLACEMENT_3D ( 'NONE', #1183, #1433, #2278 ) ;
#1084 = DIRECTION ( 'NONE',  ( 0.000000000000000000, 0.000000000000000000, 1.000000000000000000 ) ) ;
#1085 = DIRECTION ( 'NONE',  ( 0.000000000000000000, 0.000000000000000000, 1.000000000000000000 ) ) ;
#1086 = CARTESIAN_POINT ( 'NONE',  ( -0.6450000000000003508, 0.2300000000000000100, -1.999999999999999334 ) ) ;
#1087 = VECTOR ( 'NONE', #908, 39.37007874015748143 ) ;
#1088 = ORIENTED_EDGE ( 'NONE', *, *, #1178, .T. ) ;
#1089 = AXIS2_PLACEMENT_3D ( 'NONE', #1894, #571, #729 ) ;
#1090 = DIRECTION ( 'NONE',  ( -0.000000000000000000, 1.000000000000000000, -0.000000000000000000 ) ) ;
#1091 = ORIENTED_EDGE ( 'NONE', *, *, #2474, .T. ) ;
#1092 = AXIS2_PLACEMENT_3D ( 'NONE', #448, #1098, #2644 ) ;
#1093 = LINE ( 'NONE', #1541, #583 ) ;
#1094 = DIRECTION ( 'NONE',  ( 0.000000000000000000, 0.000000000000000000, 1.000000000000000000 ) ) ;
#1095 = ORIENTED_EDGE ( 'NONE', *, *, #917, .T. ) ;
#1096 = ORIENTED_EDGE ( 'NONE', *, *, #2371, .F. ) ;
#1097 = EDGE_CURVE ( 'NONE', #259, #1997, #352, .T. ) ;
#1098 = DIRECTION ( 'NONE',  ( -0.000000000000000000, 1.000000000000000000, -0.000000000000000000 ) ) ;
#1099 = FACE_OUTER_BOUND ( 'NONE', #1108, .T. ) ;
#1100 = CARTESIAN_POINT ( 'NONE',  ( -1.125000000000000222, 0.2500000000000000000, 1.500000000000000444 ) ) ;
#1101 = DIRECTION ( 'NONE',  ( -0.000000000000000000, 1.000000000000000000, -0.000000000000000000 ) ) ;
#1102 = DIRECTION ( 'NONE',  ( -0.000000000000000000, 1.000000000000000000, -0.000000000000000000 ) ) ;
#1103 = EDGE_LOOP ( 'NONE', ( #1158, #2017, #1562 ) ) ;
#1104 = AXIS2_PLACEMENT_3D ( 'NONE', #1517, #861, #13 ) ;
#1105 = CYLINDRICAL_SURFACE ( 'NONE', #1319, 0.2000000000000000389 ) ;
#1106 = ORIENTED_EDGE ( 'NONE', *, *, #2376, .F. ) ;
#1107 = DIRECTION ( 'NONE',  ( 8.659560562354943952E-17, 0.7071067811865464625, -0.7071067811865484609 ) ) ;
#1108 = EDGE_LOOP ( 'NONE', ( #2286, #1218, #1829, #654 ) ) ;
#1109 = ORIENTED_EDGE ( 'NONE', *, *, #399, .T. ) ;
#1110 = LINE ( 'NONE', #2862, #2513 ) ;
#1111 = DIRECTION ( 'NONE',  ( -1.000000000000000000, 0.000000000000000000, 1.365923996832128651E-16 ) ) ;
#1112 = EDGE_CURVE ( 'NONE', #702, #2177, #262, .T. ) ;
#1113 = EDGE_CURVE ( 'NONE', #958, #903, #1506, .T. ) ;
#1114 = LINE ( 'NONE', #2003, #2151 ) ;
#1115 = CARTESIAN_POINT ( 'NONE',  ( 1.604999999999999982, 0.2500000000000000000, -1.979999999999999316 ) ) ;
#1116 = CARTESIAN_POINT ( 'NONE',  ( -1.125000000000000222, 0.2250000000000000611, 1.500000000000000444 ) ) ;
#1117 = CARTESIAN_POINT ( 'NONE',  ( -1.125000000000000666, 0.000000000000000000, -0.7499999999999997780 ) ) ;
#1118 = ORIENTED_EDGE ( 'NONE', *, *, #520, .T. ) ;
#1119 = DIRECTION ( 'NONE',  ( -1.365923996832132280E-14, 1.000000000000000000, 0.000000000000000000 ) ) ;
#1120 = EDGE_CURVE ( 'NONE', #560, #213, #2400, .T. ) ;
#1121 = EDGE_LOOP ( 'NONE', ( #2230, #602, #118 ) ) ;
#1122 = AXIS2_PLACEMENT_3D ( 'NONE', #1906, #376, #1263 ) ;
#1123 = CIRCLE ( 'NONE', #1357, 0.02000000000000005940 ) ;
#1124 = DIRECTION ( 'NONE',  ( 0.000000000000000000, 0.000000000000000000, 1.000000000000000000 ) ) ;
#1125 = EDGE_LOOP ( 'NONE', ( #1928, #344, #22, #610 ) ) ;
#1126 = ORIENTED_EDGE ( 'NONE', *, *, #2500, .F. ) ;
#1127 = FACE_BOUND ( 'NONE', #2611, .T. ) ;
#1128 = CIRCLE ( 'NONE', #386, 0.02000000000000005940 ) ;
#1129 = DIRECTION ( 'NONE',  ( -0.000000000000000000, 1.000000000000000000, -0.000000000000000000 ) ) ;
#1130 = EDGE_CURVE ( 'NONE', #196, #1726, #543, .T. ) ;
#1131 = CARTESIAN_POINT ( 'NONE',  ( -1.125000000000000222, 0.2500000000000000000, 1.500000000000000444 ) ) ;
#1132 = CARTESIAN_POINT ( 'NONE',  ( -1.604999999999999760, 0.2300000000000000100, 1.980000000000000426 ) ) ;
#1133 = DIRECTION ( 'NONE',  ( 0.000000000000000000, -1.000000000000000000, 0.000000000000000000 ) ) ;
#1134 = ADVANCED_FACE ( 'NONE', ( #2605 ), #719, .T. ) ;
#1135 = DIRECTION ( 'NONE',  ( -0.000000000000000000, 1.000000000000000000, -0.000000000000000000 ) ) ;
#1136 = AXIS2_PLACEMENT_3D ( 'NONE', #1941, #1973, #2863 ) ;
#1137 = FACE_OUTER_BOUND ( 'NONE', #1547, .T. ) ;
#1138 = ORIENTED_EDGE ( 'NONE', *, *, #2773, .T. ) ;
#1139 = VECTOR ( 'NONE', #2666, 39.37007874015748143 ) ;
#1140 = AXIS2_PLACEMENT_3D ( 'NONE', #1115, #2215, #1351 ) ;
#1141 = CIRCLE ( 'NONE', #1044, 0.1093999999999996642 ) ;
#1142 = LINE ( 'NONE', #469, #2493 ) ;
#1143 = ORIENTED_EDGE ( 'NONE', *, *, #1863, .T. ) ;
#1144 = EDGE_LOOP ( 'NONE', ( #2802, #2733, #590, #69 ) ) ;
#1145 = CARTESIAN_POINT ( 'NONE',  ( -1.125000000000000444, 0.2500000000000000000, 0.7500000000000003331 ) ) ;
#1146 = DIRECTION ( 'NONE',  ( -0.000000000000000000, 1.000000000000000000, -0.000000000000000000 ) ) ;
#1147 = CARTESIAN_POINT ( 'NONE',  ( -1.604999999999999760, 0.2300000000000000100, 1.980000000000000426 ) ) ;
#1148 = CARTESIAN_POINT ( 'NONE',  ( -0.3750000000000002220, 0.1380000000000002058, 1.500000000000000444 ) ) ;
#1149 = CARTESIAN_POINT ( 'NONE',  ( -1.125000000000000222, 0.2500000000000000000, 1.390600000000000724 ) ) ;
#1150 = CARTESIAN_POINT ( 'NONE',  ( 0.3749999999999998335, 0.2500000000000001110, 1.500000000000000444 ) ) ;
#1151 = CARTESIAN_POINT ( 'NONE',  ( -0.8250000000000000666, 0.1250000000000000000, 0.7438262308510099619 ) ) ;
#1152 = CYLINDRICAL_SURFACE ( 'NONE', #1175, 0.02000000000000005940 ) ;
#1153 = EDGE_LOOP ( 'NONE', ( #2484, #329, #1360, #73 ) ) ;
#1154 = EDGE_CURVE ( 'NONE', #213, #920, #1252, .T. ) ;
#1155 = DIRECTION ( 'NONE',  ( -0.000000000000000000, 1.000000000000000000, -0.000000000000000000 ) ) ;
#1156 = ADVANCED_FACE ( 'NONE', ( #405, #831 ), #606, .F. ) ;
#1157 = ORIENTED_EDGE ( 'NONE', *, *, #1065, .T. ) ;
#1158 = ORIENTED_EDGE ( 'NONE', *, *, #325, .T. ) ;
#1159 = ORIENTED_EDGE ( 'NONE', *, *, #900, .T. ) ;
#1160 = PLANE ( 'NONE',  #57 ) ;
#1161 = EDGE_CURVE ( 'NONE', #1995, #2333, #1884, .T. ) ;
#1162 = CARTESIAN_POINT ( 'NONE',  ( -1.125000000000000444, 0.2500000000000000000, 0.1094000000000000666 ) ) ;
#1163 = DIRECTION ( 'NONE',  ( 0.000000000000000000, 0.000000000000000000, 1.000000000000000000 ) ) ;
#1164 = CARTESIAN_POINT ( 'NONE',  ( -1.125000000000000666, 0.2500000000000000000, -0.7499999999999997780 ) ) ;
#1165 = CARTESIAN_POINT ( 'NONE',  ( -1.125000000000000444, 0.1380000000000002058, -0.06425000000000012645 ) ) ;
#1166 = VECTOR ( 'NONE', #494, 39.37007874015748143 ) ;
#1167 = DIRECTION ( 'NONE',  ( -1.365923996832131609E-16, 0.000000000000000000, -1.000000000000000000 ) ) ;
#1168 = CARTESIAN_POINT ( 'NONE',  ( 1.605000000000000204, 0.2300000000000000100, 1.020000000000000684 ) ) ;
#1169 = ORIENTED_EDGE ( 'NONE', *, *, #561, .T. ) ;
#1170 = ORIENTED_EDGE ( 'NONE', *, *, #20, .T. ) ;
#1171 = FACE_OUTER_BOUND ( 'NONE', #227, .T. ) ;
#1172 = ORIENTED_EDGE ( 'NONE', *, *, #105, .T. ) ;
#1173 = ORIENTED_EDGE ( 'NONE', *, *, #2827, .T. ) ;
#1174 = DIRECTION ( 'NONE',  ( 0.000000000000000000, 1.000000000000000000, 0.000000000000000000 ) ) ;
#1175 = AXIS2_PLACEMENT_3D ( 'NONE', #1388, #424, #2045 ) ;
#1176 = ORIENTED_EDGE ( 'NONE', *, *, #1250, .T. ) ;
#1177 = DIRECTION ( 'NONE',  ( -0.000000000000000000, 1.000000000000000000, -0.000000000000000000 ) ) ;
#1178 = EDGE_CURVE ( 'NONE', #702, #566, #2368, .T. ) ;
#1179 = AXIS2_PLACEMENT_3D ( 'NONE', #2695, #2477, #2419 ) ;
#1180 = CARTESIAN_POINT ( 'NONE',  ( 0.3749999999999998335, 0.2500000000000000000, 1.500000000000000444 ) ) ;
#1181 = LINE ( 'NONE', #21, #2807 ) ;
#1182 = AXIS2_PLACEMENT_3D ( 'NONE', #1100, #1992, #1531 ) ;
#1183 = CARTESIAN_POINT ( 'NONE',  ( -1.605000000000000204, 0.2500000000000000000, -1.979999999999999316 ) ) ;
#1184 = CYLINDRICAL_SURFACE ( 'NONE', #622, 0.1250000000000000278 ) ;
#1185 = ORIENTED_EDGE ( 'NONE', *, *, #1475, .F. ) ;
#1186 = VECTOR ( 'NONE', #1146, 39.37007874015748143 ) ;
#1187 = CIRCLE ( 'NONE', #206, 0.02000000000000005940 ) ;
#1188 = DIRECTION ( 'NONE',  ( -0.000000000000000000, 1.000000000000000000, -0.000000000000000000 ) ) ;
#1189 = EDGE_LOOP ( 'NONE', ( #2755, #1606 ) ) ;
#1190 = AXIS2_PLACEMENT_3D ( 'NONE', #1014, #619, #1262 ) ;
#1191 = CIRCLE ( 'NONE', #768, 0.06425000000000000155 ) ;
#1192 = ORIENTED_EDGE ( 'NONE', *, *, #2371, .T. ) ;
#1193 = LINE ( 'NONE', #2273, #931 ) ;
#1194 = ORIENTED_EDGE ( 'NONE', *, *, #1488, .F. ) ;
#1195 = AXIS2_PLACEMENT_3D ( 'NONE', #1848, #2514, #928 ) ;
#1196 = EDGE_CURVE ( 'NONE', #2322, #1637, #163, .T. ) ;
#1197 = DIRECTION ( 'NONE',  ( -0.000000000000000000, 1.000000000000000000, -0.000000000000000000 ) ) ;
#1198 = SPHERICAL_SURFACE ( 'NONE', #803, 0.02000000000000000042 ) ;
#1199 = CARTESIAN_POINT ( 'NONE',  ( 1.605000000000000204, 0.02000000000000000042, 1.980000000000000426 ) ) ;
#1200 = ORIENTED_EDGE ( 'NONE', *, *, #313, .T. ) ;
#1201 = VECTOR ( 'NONE', #832, 39.37007874015748143 ) ;
#1202 = DIRECTION ( 'NONE',  ( -0.000000000000000000, 1.000000000000000000, -0.000000000000000000 ) ) ;
#1203 = ORIENTED_EDGE ( 'NONE', *, *, #1751, .T. ) ;
#1204 = VERTEX_POINT ( 'NONE', #366 ) ;
#1205 = CARTESIAN_POINT ( 'NONE',  ( 1.605000000000000204, 0.2300000000000000100, 1.020000000000000684 ) ) ;
#1206 = ORIENTED_EDGE ( 'NONE', *, *, #2567, .T. ) ;
#1207 = EDGE_CURVE ( 'NONE', #1204, #77, #1738, .T. ) ;
#1208 = FACE_OUTER_BOUND ( 'NONE', #2268, .T. ) ;
#1209 = EDGE_CURVE ( 'NONE', #836, #592, #595, .T. ) ;
#1210 = FACE_OUTER_BOUND ( 'NONE', #789, .T. ) ;
#1211 = CYLINDRICAL_SURFACE ( 'NONE', #1604, 0.06425000000000027911 ) ;
#1212 = EDGE_LOOP ( 'NONE', ( #1452, #2009, #1389, #2301 ) ) ;
#1213 = ADVANCED_FACE ( 'NONE', ( #2596 ), #2850, .F. ) ;
#1214 = CARTESIAN_POINT ( 'NONE',  ( -1.125000000000000666, 0.2500000000000001110, -1.499999999999999778 ) ) ;
#1215 = VERTEX_POINT ( 'NONE', #2420 ) ;
#1216 = ORIENTED_EDGE ( 'NONE', *, *, #2827, .F. ) ;
#1217 = LINE ( 'NONE', #2109, #608 ) ;
#1218 = ORIENTED_EDGE ( 'NONE', *, *, #1723, .F. ) ;
#1219 = PERSON_AND_ORGANIZATION_ROLE ( 'design_supplier' ) ;
#1220 = ADVANCED_FACE ( 'NONE', ( #1905 ), #2796, .F. ) ;
#1221 = AXIS2_PLACEMENT_3D ( 'NONE', #1479, #2348, #2124 ) ;
#1222 = CARTESIAN_POINT ( 'NONE',  ( -1.125000000000000444, 0.2500000000000001110, 0.7500000000000003331 ) ) ;
#1223 = ADVANCED_FACE ( 'NONE', ( #2228 ), #462, .T. ) ;
#1224 = CARTESIAN_POINT ( 'NONE',  ( -1.125000000000000444, 0.2250000000000000611, 0.8594000000000001638 ) ) ;
#1225 = CARTESIAN_POINT ( 'NONE',  ( -1.125000000000000444, 0.2500000000000001110, -0.1343999999999996586 ) ) ;
#1226 = ORIENTED_EDGE ( 'NONE', *, *, #1891, .F. ) ;
#1227 = AXIS2_PLACEMENT_3D ( 'NONE', #1507, #1261, #136 ) ;
#1228 = DIRECTION ( 'NONE',  ( -0.000000000000000000, 1.000000000000000000, -0.000000000000000000 ) ) ;
#1229 = APPROVAL_PERSON_ORGANIZATION ( #2111, #2339, #1000 ) ;
#1230 = ORIENTED_EDGE ( 'NONE', *, *, #2470, .F. ) ;
#1231 = AXIS2_PLACEMENT_3D ( 'NONE', #559, #728, #1852 ) ;
#1232 = LINE ( 'NONE', #381, #14 ) ;
#1233 = CIRCLE ( 'NONE', #2315, 0.1093999999999999279 ) ;
#1234 = EDGE_LOOP ( 'NONE', ( #2309, #1781 ) ) ;
#1235 = AXIS2_PLACEMENT_3D ( 'NONE', #1392, #2079, #757 ) ;
#1236 = VECTOR ( 'NONE', #2181, 39.37007874015748143 ) ;
#1237 = DIRECTION ( 'NONE',  ( 0.000000000000000000, 0.000000000000000000, 1.000000000000000000 ) ) ;
#1238 = CARTESIAN_POINT ( 'NONE',  ( -1.604999999999999760, 0.02000000000000000042, 1.980000000000000426 ) ) ;
#1239 = DIRECTION ( 'NONE',  ( -0.000000000000000000, 1.000000000000000000, -0.000000000000000000 ) ) ;
#1240 = CARTESIAN_POINT ( 'NONE',  ( -1.125000000000000444, 0.1380000000000002058, 0.6857499999999999707 ) ) ;
#1241 = LINE ( 'NONE', #190, #621 ) ;
#1242 = VERTEX_POINT ( 'NONE', #4 ) ;
#1243 = ADVANCED_FACE ( 'NONE', ( #451 ), #1578, .T. ) ;
#1244 = ORIENTED_EDGE ( 'NONE', *, *, #185, .T. ) ;
#1245 = EDGE_CURVE ( 'NONE', #1839, #1242, #2074, .T. ) ;
#1246 = DIRECTION ( 'NONE',  ( -0.000000000000000000, 1.000000000000000000, -0.000000000000000000 ) ) ;
#1247 = AXIS2_PLACEMENT_3D ( 'NONE', #1788, #2683, #635 ) ;
#1248 = ORIENTED_EDGE ( 'NONE', *, *, #2798, .T. ) ;
#1249 = AXIS2_PLACEMENT_3D ( 'NONE', #1735, #183, #2020 ) ;
#1250 = EDGE_CURVE ( 'NONE', #1512, #857, #2122, .T. ) ;
#1251 = FACE_OUTER_BOUND ( 'NONE', #2719, .T. ) ;
#1252 = LINE ( 'NONE', #634, #2027 ) ;
#1253 = LINE ( 'NONE', #607, #1072 ) ;
#1254 = DIRECTION ( 'NONE',  ( 0.000000000000000000, 0.000000000000000000, 1.000000000000000000 ) ) ;
#1255 = ORIENTED_EDGE ( 'NONE', *, *, #1461, .F. ) ;
#1256 = FACE_OUTER_BOUND ( 'NONE', #776, .T. ) ;
#1257 = EDGE_CURVE ( 'NONE', #1938, #857, #2542, .T. ) ;
#1258 = ORIENTED_EDGE ( 'NONE', *, *, #1491, .F. ) ;
#1259 = CIRCLE ( 'NONE', #1455, 0.02000000000000005940 ) ;
#1260 = DIRECTION ( 'NONE',  ( 0.000000000000000000, 0.000000000000000000, 1.000000000000000000 ) ) ;
#1261 = DIRECTION ( 'NONE',  ( -0.000000000000000000, 1.000000000000000000, -0.000000000000000000 ) ) ;
#1262 = DIRECTION ( 'NONE',  ( 0.000000000000000000, 0.000000000000000000, 1.000000000000000000 ) ) ;
#1263 = DIRECTION ( 'NONE',  ( 0.000000000000000000, 0.000000000000000000, 1.000000000000000000 ) ) ;
#1264 = VECTOR ( 'NONE', #501, 39.37007874015748143 ) ;
#1265 = CARTESIAN_POINT ( 'NONE',  ( -1.125000000000000444, 0.2500000000000001110, 0.1344000000000002137 ) ) ;
#1266 = CIRCLE ( 'NONE', #383, 0.01999999999999999001 ) ;
#1267 = ORIENTED_EDGE ( 'NONE', *, *, #1601, .T. ) ;
#1268 = AXIS2_PLACEMENT_3D ( 'NONE', #354, #2090, #1446 ) ;
#1269 = AXIS2_PLACEMENT_3D ( 'NONE', #336, #2794, #144 ) ;
#1270 = EDGE_LOOP ( 'NONE', ( #1534, #651 ) ) ;
#1271 =( GEOMETRIC_REPRESENTATION_CONTEXT ( 3 ) GLOBAL_UNCERTAINTY_ASSIGNED_CONTEXT ( ( #1451 ) ) GLOBAL_UNIT_ASSIGNED_CONTEXT ( ( #2274, #913, #2258 ) ) REPRESENTATION_CONTEXT ( 'NONE', 'WORKASPACE' ) );
#1272 = DIRECTION ( 'NONE',  ( -0.000000000000000000, 1.000000000000000000, -0.000000000000000000 ) ) ;
#1273 = CIRCLE ( 'NONE', #2311, 0.02000000000000005940 ) ;
#1274 = ORIENTED_EDGE ( 'NONE', *, *, #2776, .T. ) ;
#1275 = AXIS2_PLACEMENT_3D ( 'NONE', #1943, #1055, #1696 ) ;
#1276 = AXIS2_PLACEMENT_3D ( 'NONE', #1495, #148, #1073 ) ;
#1277 = DIRECTION ( 'NONE',  ( -1.000000000000000000, 0.000000000000000000, 1.365923996832131609E-16 ) ) ;
#1278 = CIRCLE ( 'NONE', #33, 0.1093999999999996642 ) ;
#1279 = ADVANCED_FACE ( 'NONE', ( #1803 ), #2646, .F. ) ;
#1280 = ADVANCED_FACE ( 'NONE', ( #707, #2494, #496, #2682, #1977, #2432, #1384, #2040, #2465 ), #2865, .F. ) ;
#1281 = DIRECTION ( 'NONE',  ( 0.000000000000000000, 0.000000000000000000, 1.000000000000000000 ) ) ;
#1282 = CARTESIAN_POINT ( 'NONE',  ( -1.125000000000000444, 0.2500000000000000000, -0.1093999999999995254 ) ) ;
#1283 = LINE ( 'NONE', #2171, #2555 ) ;
#1284 = CARTESIAN_POINT ( 'NONE',  ( -0.7019230769230769829, 0.2300000000000000100, 0.9014716272503884298 ) ) ;
#1285 = EDGE_CURVE ( 'NONE', #903, #958, #1278, .T. ) ;
#1286 = VERTEX_POINT ( 'NONE', #865 ) ;
#1287 = DIRECTION ( 'NONE',  ( 0.000000000000000000, 0.000000000000000000, 1.000000000000000000 ) ) ;
#1288 = ORIENTED_EDGE ( 'NONE', *, *, #440, .T. ) ;
#1289 = VECTOR ( 'NONE', #1047, 39.37007874015748143 ) ;
#1290 = EDGE_LOOP ( 'NONE', ( #2676, #2134, #1064, #1704 ) ) ;
#1291 = CYLINDRICAL_SURFACE ( 'NONE', #1136, 0.02000000000000005940 ) ;
#1292 = FACE_OUTER_BOUND ( 'NONE', #1854, .T. ) ;
#1293 = CARTESIAN_POINT ( 'NONE',  ( 0.000000000000000000, 0.000000000000000000, -1.979999999999999316 ) ) ;
#1294 = LINE ( 'NONE', #2571, #2345 ) ;
#1295 = CARTESIAN_POINT ( 'NONE',  ( -0.3688262308510104059, 0.2500000000000000000, 1.020000000000000684 ) ) ;
#1296 = EDGE_LOOP ( 'NONE', ( #273, #272, #2819, #923 ) ) ;
#1297 = CARTESIAN_POINT ( 'NONE',  ( -1.604999999999999760, 0.2500000000000000000, 1.980000000000000426 ) ) ;
#1298 = ADVANCED_FACE ( 'NONE', ( #2260 ), #1754, .F. ) ;
#1299 = ORIENTED_EDGE ( 'NONE', *, *, #1154, .T. ) ;
#1300 = CARTESIAN_POINT ( 'NONE',  ( -1.125000000000000666, 0.2250000000000000611, -0.7499999999999997780 ) ) ;
#1301 = ORIENTED_EDGE ( 'NONE', *, *, #2770, .F. ) ;
#1302 = ORIENTED_EDGE ( 'NONE', *, *, #2405, .F. ) ;
#1303 = ADVANCED_FACE ( 'NONE', ( #1532 ), #50, .F. ) ;
#1304 = DIRECTION ( 'NONE',  ( -0.000000000000000000, 1.000000000000000000, -0.000000000000000000 ) ) ;
#1305 = DIRECTION ( 'NONE',  ( 0.000000000000000000, 0.000000000000000000, 1.000000000000000000 ) ) ;
#1306 = LINE ( 'NONE', #200, #252 ) ;
#1307 = DIRECTION ( 'NONE',  ( 0.000000000000000000, 0.000000000000000000, 1.000000000000000000 ) ) ;
#1308 = DIRECTION ( 'NONE',  ( -0.000000000000000000, 1.000000000000000000, -0.000000000000000000 ) ) ;
#1309 = CIRCLE ( 'NONE', #2480, 0.1093999999999996642 ) ;
#1310 = CARTESIAN_POINT ( 'NONE',  ( -1.125000000000000444, 0.2500000000000001110, 0.8844000000000002970 ) ) ;
#1311 = ORIENTED_EDGE ( 'NONE', *, *, #2439, .F. ) ;
#1312 = ADVANCED_FACE ( 'NONE', ( #1993 ), #37, .F. ) ;
#1313 = CARTESIAN_POINT ( 'NONE',  ( -1.125000000000000444, 0.000000000000000000, -0.06424999999999973788 ) ) ;
#1314 = CARTESIAN_POINT ( 'NONE',  ( -1.624999999999999778, 0.01999999999999999001, 1.980000000000000426 ) ) ;
#1315 = ORIENTED_EDGE ( 'NONE', *, *, #1023, .T. ) ;
#1316 = ORIENTED_EDGE ( 'NONE', *, *, #524, .T. ) ;
#1317 = DIRECTION ( 'NONE',  ( 0.000000000000000000, -1.000000000000000000, 0.000000000000000000 ) ) ;
#1318 = DIRECTION ( 'NONE',  ( -1.000000000000000000, 0.000000000000000000, -1.365923996832127547E-14 ) ) ;
#1319 = AXIS2_PLACEMENT_3D ( 'NONE', #1151, #650, #2468 ) ;
#1320 = DIRECTION ( 'NONE',  ( 1.000000000000000000, -0.000000000000000000, 0.000000000000000000 ) ) ;
#1321 = DIRECTION ( 'NONE',  ( -0.000000000000000000, -1.000000000000000000, 0.000000000000000000 ) ) ;
#1322 = CARTESIAN_POINT ( 'NONE',  ( -0.6250000000000000000, 0.2300000000000000100, 0.7438262308510098508 ) ) ;
#1323 = AXIS2_PLACEMENT_3D ( 'NONE', #258, #2033, #685 ) ;
#1324 = ORIENTED_EDGE ( 'NONE', *, *, #1651, .T. ) ;
#1325 = VECTOR ( 'NONE', #2159, 39.37007874015748854 ) ;
#1326 = CYLINDRICAL_SURFACE ( 'NONE', #2261, 0.06425000000000027911 ) ;
#1327 = ORIENTED_EDGE ( 'NONE', *, *, #41, .F. ) ;
#1328 = AXIS2_PLACEMENT_3D ( 'NONE', #2710, #1385, #1595 ) ;
#1329 = DIRECTION ( 'NONE',  ( 0.000000000000000000, 1.000000000000000000, 0.000000000000000000 ) ) ;
#1330 = DIMENSIONAL_EXPONENTS ( 1.000000000000000000, 0.000000000000000000, 0.000000000000000000, 0.000000000000000000, 0.000000000000000000, 0.000000000000000000, 0.000000000000000000 ) ;
#1331 = EDGE_CURVE ( 'NONE', #214, #2867, #1769, .T. ) ;
#1332 = ORIENTED_EDGE ( 'NONE', *, *, #1851, .T. ) ;
#1333 = VERTEX_POINT ( 'NONE', #2660 ) ;
#1334 = DIRECTION ( 'NONE',  ( -1.000000000000000000, 0.000000000000000000, 0.000000000000000000 ) ) ;
#1335 = CIRCLE ( 'NONE', #2325, 0.1343999999999997974 ) ;
#1336 = CARTESIAN_POINT ( 'NONE',  ( -1.625000000000000222, 0.01999999999999999001, -1.999999999999999334 ) ) ;
#1337 = ADVANCED_FACE ( 'NONE', ( #664 ), #2450, .F. ) ;
#1338 = DIRECTION ( 'NONE',  ( 0.000000000000000000, 0.000000000000000000, 1.000000000000000000 ) ) ;
#1339 = CARTESIAN_POINT ( 'NONE',  ( -0.6250000000000003331, 0.1250000000000000000, -1.999999999999999334 ) ) ;
#1340 = CARTESIAN_POINT ( 'NONE',  ( 1.604999999999999760, 0.02000000000000000042, -1.979999999999999316 ) ) ;
#1341 = VERTEX_POINT ( 'NONE', #2275 ) ;
#1342 = DIRECTION ( 'NONE',  ( -0.000000000000000000, -1.000000000000000000, -0.000000000000000000 ) ) ;
#1343 = ORIENTED_EDGE ( 'NONE', *, *, #2072, .T. ) ;
#1344 = DIRECTION ( 'NONE',  ( 0.000000000000000000, -1.000000000000000000, 0.000000000000000000 ) ) ;
#1345 = ORIENTED_EDGE ( 'NONE', *, *, #459, .T. ) ;
#1346 = ORIENTED_EDGE ( 'NONE', *, *, #2810, .F. ) ;
#1347 = EDGE_CURVE ( 'NONE', #1526, #1587, #208, .T. ) ;
#1348 = EDGE_CURVE ( 'NONE', #1333, #1759, #489, .T. ) ;
#1349 = FACE_OUTER_BOUND ( 'NONE', #1153, .T. ) ;
#1350 = CARTESIAN_POINT ( 'NONE',  ( -0.6250000000000000000, 0.2500000000000000000, 1.000000000000000000 ) ) ;
#1351 = DIRECTION ( 'NONE',  ( 0.000000000000000000, 0.000000000000000000, -1.000000000000000000 ) ) ;
#1352 = CARTESIAN_POINT ( 'NONE',  ( -0.3750000000000002220, 0.1380000000000002058, 1.609399999999999942 ) ) ;
#1353 = LINE ( 'NONE', #2043, #2717 ) ;
#1354 = APPLICATION_CONTEXT ( 'configuration controlled 3d designs of mechanical parts and assemblies' ) ;
#1355 = FACE_OUTER_BOUND ( 'NONE', #427, .T. ) ;
#1356 = EDGE_LOOP ( 'NONE', ( #579, #627 ) ) ;
#1357 = AXIS2_PLACEMENT_3D ( 'NONE', #777, #151, #1911 ) ;
#1358 = CARTESIAN_POINT ( 'NONE',  ( -1.125000000000000666, 0.2500000000000001110, -1.499999999999999778 ) ) ;
#1359 = ORIENTED_EDGE ( 'NONE', *, *, #2047, .T. ) ;
#1360 = ORIENTED_EDGE ( 'NONE', *, *, #603, .F. ) ;
#1361 = FACE_OUTER_BOUND ( 'NONE', #195, .T. ) ;
#1362 = CONICAL_SURFACE ( 'NONE', #199, 0.1344000000000000750, 0.7853981633974497223 ) ;
#1363 = AXIS2_PLACEMENT_3D ( 'NONE', #1222, #2781, #780 ) ;
#1364 = CARTESIAN_POINT ( 'NONE',  ( 1.124999999999999778, 0.1380000000000002058, 1.500000000000000444 ) ) ;
#1365 = DIRECTION ( 'NONE',  ( 0.000000000000000000, 0.000000000000000000, 1.000000000000000000 ) ) ;
#1366 = DIRECTION ( 'NONE',  ( -0.000000000000000000, 1.000000000000000000, -0.000000000000000000 ) ) ;
#1367 = EDGE_CURVE ( 'NONE', #2629, #2364, #1233, .T. ) ;
#1368 = DIRECTION ( 'NONE',  ( 0.000000000000000000, 0.000000000000000000, 1.000000000000000000 ) ) ;
#1369 = AXIS2_PLACEMENT_3D ( 'NONE', #2847, #1505, #1737 ) ;
#1370 = VECTOR ( 'NONE', #546, 39.37007874015748143 ) ;
#1371 = EDGE_CURVE ( 'NONE', #2285, #91, #2233, .T. ) ;
#1372 = DIRECTION ( 'NONE',  ( 0.000000000000000000, 0.000000000000000000, 1.000000000000000000 ) ) ;
#1373 = DIRECTION ( 'NONE',  ( 0.000000000000000000, 0.000000000000000000, -1.000000000000000000 ) ) ;
#1374 = EDGE_LOOP ( 'NONE', ( #1687, #2253 ) ) ;
#1375 = AXIS2_PLACEMENT_3D ( 'NONE', #1485, #2131, #812 ) ;
#1376 = ADVANCED_FACE ( 'NONE', ( #1998 ), #2015, .F. ) ;
#1377 = DIRECTION ( 'NONE',  ( 0.000000000000000000, 0.000000000000000000, 1.000000000000000000 ) ) ;
#1378 = ORIENTED_EDGE ( 'NONE', *, *, #1752, .T. ) ;
#1379 = ORIENTED_EDGE ( 'NONE', *, *, #921, .T. ) ;
#1380 = ORIENTED_EDGE ( 'NONE', *, *, #1022, .F. ) ;
#1381 = CARTESIAN_POINT ( 'NONE',  ( 1.604999999999999760, 0.000000000000000000, -1.979999999999999316 ) ) ;
#1382 = DIRECTION ( 'NONE',  ( 0.000000000000000000, 0.000000000000000000, 1.000000000000000000 ) ) ;
#1383 = EDGE_CURVE ( 'NONE', #2574, #1726, #1142, .T. ) ;
#1384 = FACE_BOUND ( 'NONE', #270, .T. ) ;
#1385 = DIRECTION ( 'NONE',  ( -0.000000000000000000, 1.000000000000000000, -0.000000000000000000 ) ) ;
#1386 = FACE_OUTER_BOUND ( 'NONE', #1234, .T. ) ;
#1387 = DIRECTION ( 'NONE',  ( -0.000000000000000000, 1.000000000000000000, -0.000000000000000000 ) ) ;
#1388 = CARTESIAN_POINT ( 'NONE',  ( 0.000000000000000000, 0.2300000000000000100, -1.979999999999999316 ) ) ;
#1389 = ORIENTED_EDGE ( 'NONE', *, *, #2791, .T. ) ;
#1390 = AXIS2_PLACEMENT_3D ( 'NONE', #479, #19, #851 ) ;
#1391 = ORIENTED_EDGE ( 'NONE', *, *, #1934, .T. ) ;
#1392 = CARTESIAN_POINT ( 'NONE',  ( 1.605000000000000204, 0.2300000000000000100, 1.980000000000000426 ) ) ;
#1393 = ORIENTED_EDGE ( 'NONE', *, *, #1887, .F. ) ;
#1394 = EDGE_CURVE ( 'NONE', #168, #88, #240, .T. ) ;
#1395 = ORIENTED_EDGE ( 'NONE', *, *, #2125, .F. ) ;
#1396 = DIRECTION ( 'NONE',  ( -0.000000000000000000, 1.000000000000000000, -0.000000000000000000 ) ) ;
#1397 = ORIENTED_EDGE ( 'NONE', *, *, #1459, .T. ) ;
#1398 = DIRECTION ( 'NONE',  ( 0.000000000000000000, 0.7071067811865503483, 0.7071067811865444641 ) ) ;
#1399 = CYLINDRICAL_SURFACE ( 'NONE', #1694, 0.02000000000000005940 ) ;
#1400 = DIRECTION ( 'NONE',  ( -0.000000000000000000, 1.000000000000000000, 0.000000000000000000 ) ) ;
#1401 = CARTESIAN_POINT ( 'NONE',  ( -0.3750000000000002220, 0.2500000000000000000, 1.500000000000000444 ) ) ;
#1402 = DIRECTION ( 'NONE',  ( 0.000000000000000000, 0.000000000000000000, 1.000000000000000000 ) ) ;
#1403 = VERTEX_POINT ( 'NONE', #1313 ) ;
#1404 = DIRECTION ( 'NONE',  ( -0.000000000000000000, 1.000000000000000000, -0.000000000000000000 ) ) ;
#1405 = EDGE_LOOP ( 'NONE', ( #1807, #1524, #1274, #372 ) ) ;
#1406 = EDGE_CURVE ( 'NONE', #815, #77, #2718, .T. ) ;
#1407 = ORIENTED_EDGE ( 'NONE', *, *, #1903, .F. ) ;
#1408 = DIRECTION ( 'NONE',  ( 0.000000000000000000, 0.000000000000000000, 1.000000000000000000 ) ) ;
#1409 = AXIS2_PLACEMENT_3D ( 'NONE', #1300, #2190, #1063 ) ;
#1410 = ORIENTED_EDGE ( 'NONE', *, *, #229, .F. ) ;
#1411 = PERSON_AND_ORGANIZATION_ROLE ( 'classification_officer' ) ;
#1412 = CONICAL_SURFACE ( 'NONE', #798, 0.1344000000000000750, 0.7853981633974497223 ) ;
#1413 = AXIS2_PLACEMENT_3D ( 'NONE', #269, #2840, #838 ) ;
#1414 = FACE_BOUND ( 'NONE', #1923, .T. ) ;
#1415 = VECTOR ( 'NONE', #2809, 39.37007874015748143 ) ;
#1416 = CARTESIAN_POINT ( 'NONE',  ( -1.125000000000000666, 0.000000000000000000, -1.564249999999999918 ) ) ;
#1417 = CARTESIAN_POINT ( 'NONE',  ( -1.125000000000000444, 0.000000000000000000, 0.8142500000000003624 ) ) ;
#1418 = ORIENTED_EDGE ( 'NONE', *, *, #1932, .T. ) ;
#1419 = CIRCLE ( 'NONE', #2257, 0.1450000000000001010 ) ;
#1420 = CARTESIAN_POINT ( 'NONE',  ( -0.6250000000000000000, 0.2300000000000000100, 1.125000000000000000 ) ) ;
#1421 = CIRCLE ( 'NONE', #1649, 0.06425000000000000155 ) ;
#1422 = ORIENTED_EDGE ( 'NONE', *, *, #129, .F. ) ;
#1423 = CIRCLE ( 'NONE', #2859, 0.1093999999999999279 ) ;
#1424 = AXIS2_PLACEMENT_3D ( 'NONE', #732, #301, #745 ) ;
#1425 = ORIENTED_EDGE ( 'NONE', *, *, #2035, .T. ) ;
#1426 = ADVANCED_FACE ( 'NONE', ( #872 ), #2854, .F. ) ;
#1427 = LINE ( 'NONE', #2065, #1527 ) ;
#1428 = ORIENTED_EDGE ( 'NONE', *, *, #2302, .F. ) ;
#1429 = APPROVAL_ROLE ( '' ) ;
#1430 = APPROVAL ( #2085, 'UNSPECIFIED' ) ;
#1431 = CARTESIAN_POINT ( 'NONE',  ( -0.7019230769230769829, 0.1250000000000000000, 0.9014716272503884298 ) ) ;
#1432 = EDGE_CURVE ( 'NONE', #2285, #1333, #1141, .T. ) ;
#1433 = DIRECTION ( 'NONE',  ( 0.000000000000000000, -1.000000000000000000, 0.000000000000000000 ) ) ;
#1434 = LINE ( 'NONE', #2329, #532 ) ;
#1435 = VERTEX_POINT ( 'NONE', #456 ) ;
#1436 = CARTESIAN_POINT ( 'NONE',  ( -1.015600000000000946, 0.1380000000000002058, -1.499999999999999778 ) ) ;
#1437 = EDGE_LOOP ( 'NONE', ( #817, #2762, #2066, #656 ) ) ;
#1438 = EDGE_CURVE ( 'NONE', #592, #965, #673, .T. ) ;
#1439 = ORIENTED_EDGE ( 'NONE', *, *, #219, .T. ) ;
#1440 = CYLINDRICAL_SURFACE ( 'NONE', #1585, 0.02000000000000005940 ) ;
#1441 = ORIENTED_EDGE ( 'NONE', *, *, #2470, .T. ) ;
#1442 = DIRECTION ( 'NONE',  ( 1.000000000000000000, 0.000000000000000000, 0.000000000000000000 ) ) ;
#1443 = EDGE_CURVE ( 'NONE', #259, #361, #1093, .T. ) ;
#1444 = DIRECTION ( 'NONE',  ( 1.000000000000000000, 0.000000000000000000, 1.365923996832127389E-14 ) ) ;
#1445 = DIRECTION ( 'NONE',  ( -0.000000000000000000, 1.000000000000000000, -0.000000000000000000 ) ) ;
#1447 = ADVANCED_FACE ( 'NONE', ( #715 ), #2441, .T. ) ;
#1446 = DIRECTION ( 'NONE',  ( 0.6153846153846156408, 0.000000000000000000, 0.7882269819968920066 ) ) ;
#1448 = ORIENTED_EDGE ( 'NONE', *, *, #2331, .F. ) ;
#1449 = CARTESIAN_POINT ( 'NONE',  ( 1.605000000000000204, 0.1250000000000000000, 1.000000000000000444 ) ) ;
#1450 = ORIENTED_EDGE ( 'NONE', *, *, #1178, .F. ) ;
#1451 = UNCERTAINTY_MEASURE_WITH_UNIT (LENGTH_MEASURE( 1.000000000000000082E-05 ), #2274, 'distance_accuracy_value', 'NONE');
#1452 = ORIENTED_EDGE ( 'NONE', *, *, #954, .F. ) ;
#1453 = CARTESIAN_POINT ( 'NONE',  ( 1.124999999999999778, 0.2500000000000000000, 1.500000000000000444 ) ) ;
#1454 = ORIENTED_EDGE ( 'NONE', *, *, #1751, .F. ) ;
#1455 = AXIS2_PLACEMENT_3D ( 'NONE', #1660, #2560, #1708 ) ;
#1456 = DIRECTION ( 'NONE',  ( 0.000000000000000000, 0.000000000000000000, 1.000000000000000000 ) ) ;
#1457 = DIRECTION ( 'NONE',  ( -0.000000000000000000, 1.000000000000000000, 0.000000000000000000 ) ) ;
#1458 = CARTESIAN_POINT ( 'NONE',  ( 1.625000000000000222, 0.2300000000000000100, 2.000000000000000444 ) ) ;
#1459 = EDGE_CURVE ( 'NONE', #1403, #2489, #2209, .T. ) ;
#1460 = DIRECTION ( 'NONE',  ( -0.000000000000000000, 1.000000000000000000, -0.000000000000000000 ) ) ;
#1461 = EDGE_CURVE ( 'NONE', #2574, #2372, #2678, .T. ) ;
#1462 = LINE ( 'NONE', #2607, #766 ) ;
#1463 = EDGE_CURVE ( 'NONE', #284, #2280, #2586, .T. ) ;
#1464 = VERTEX_POINT ( 'NONE', #2689 ) ;
#1465 = AXIS2_PLACEMENT_3D ( 'NONE', #2527, #1597, #1167 ) ;
#1466 = DIRECTION ( 'NONE',  ( 0.000000000000000000, 1.000000000000000000, -0.000000000000000000 ) ) ;
#1467 = ORIENTED_EDGE ( 'NONE', *, *, #107, .F. ) ;
#1468 = PERSON_AND_ORGANIZATION ( #2636, #2808 ) ;
#1469 = AXIS2_PLACEMENT_3D ( 'NONE', #2799, #2410, #2572 ) ;
#1470 = AXIS2_PLACEMENT_3D ( 'NONE', #2225, #1080, #197 ) ;
#1471 = DIRECTION ( 'NONE',  ( 0.000000000000000000, 1.000000000000000000, 0.000000000000000000 ) ) ;
#1472 = CARTESIAN_POINT ( 'NONE',  ( 1.605000000000000204, 0.000000000000000000, 1.980000000000000426 ) ) ;
#1473 = CARTESIAN_POINT ( 'NONE',  ( -1.604999999999999760, 0.01999999999999999001, 1.980000000000000426 ) ) ;
#1474 = DIRECTION ( 'NONE',  ( 0.000000000000000000, 0.000000000000000000, 1.000000000000000000 ) ) ;
#1475 = EDGE_CURVE ( 'NONE', #2415, #2427, #1790, .T. ) ;
#1476 = CARTESIAN_POINT ( 'NONE',  ( 1.124999999999999778, 0.1380000000000002058, 1.435749999999999860 ) ) ;
#1477 = CC_DESIGN_DATE_AND_TIME_ASSIGNMENT ( #1665, #2310, ( #486 ) ) ;
#1478 = EDGE_LOOP ( 'NONE', ( #239, #1138, #422, #2549 ) ) ;
#1479 = CARTESIAN_POINT ( 'NONE',  ( -1.125000000000000444, 0.2500000000000001110, 0.7500000000000003331 ) ) ;
#1480 = ORIENTED_EDGE ( 'NONE', *, *, #672, .T. ) ;
#1481 = CARTESIAN_POINT ( 'NONE',  ( -0.6332842712474623381, 0.1167157287525380921, -1.999999999999999556 ) ) ;
#1482 = DIRECTION ( 'NONE',  ( -0.000000000000000000, 1.000000000000000000, -0.000000000000000000 ) ) ;
#1483 = DIRECTION ( 'NONE',  ( 0.000000000000000000, 0.000000000000000000, 1.000000000000000000 ) ) ;
#1484 = LINE ( 'NONE', #620, #1289 ) ;
#1485 = CARTESIAN_POINT ( 'NONE',  ( 1.605000000000000204, 0.01999999999999999001, 1.980000000000000426 ) ) ;
#1486 = EDGE_LOOP ( 'NONE', ( #2651, #297, #401, #1299, #2703, #192 ) ) ;
#1487 = CARTESIAN_POINT ( 'NONE',  ( -0.3688262308510104059, 0.2300000000000000100, 1.000000000000000444 ) ) ;
#1488 = EDGE_CURVE ( 'NONE', #2137, #2786, #226, .T. ) ;
#1489 = ORIENTED_EDGE ( 'NONE', *, *, #107, .T. ) ;
#1490 = DIRECTION ( 'NONE',  ( -1.000000000000000000, 0.000000000000000000, 0.000000000000000000 ) ) ;
#1491 = EDGE_CURVE ( 'NONE', #965, #1464, #1691, .T. ) ;
#1492 = CARTESIAN_POINT ( 'NONE',  ( -0.3688262308510104059, 0.2500000000000000000, 1.020000000000000684 ) ) ;
#1493 = DIRECTION ( 'NONE',  ( 0.000000000000000000, -1.000000000000000000, 0.000000000000000000 ) ) ;
#1494 = CARTESIAN_POINT ( 'NONE',  ( -1.125000000000000666, 0.2500000000000001110, -1.365599999999999703 ) ) ;
#1495 = CARTESIAN_POINT ( 'NONE',  ( -1.605000000000000204, 0.02000000000000000042, -1.979999999999999316 ) ) ;
#1496 = AXIS2_PLACEMENT_3D ( 'NONE', #2569, #1893, #2391 ) ;
#1497 = ORIENTED_EDGE ( 'NONE', *, *, #2324, .F. ) ;
#1498 = PRODUCT ( 'fixture_base_final', 'fixture_base_final', '', ( #2566 ) ) ;
#1499 = CARTESIAN_POINT ( 'NONE',  ( -1.125000000000000444, 0.1380000000000002058, 2.731847993664263218E-16 ) ) ;
#1500 = VECTOR ( 'NONE', #1129, 39.37007874015748143 ) ;
#1501 = ORIENTED_EDGE ( 'NONE', *, *, #1394, .F. ) ;
#1502 = VERTEX_POINT ( 'NONE', #2506 ) ;
#1503 = ADVANCED_FACE ( 'NONE', ( #2455 ), #2775, .T. ) ;
#1504 = PRODUCT_DEFINITION ( 'UNKNOWN', '', #893, #345 ) ;
#1505 = DIRECTION ( 'NONE',  ( -0.000000000000000000, 1.000000000000000000, 0.000000000000000000 ) ) ;
#1506 = CIRCLE ( 'NONE', #1974, 0.1093999999999996642 ) ;
#1507 = CARTESIAN_POINT ( 'NONE',  ( -1.125000000000000666, 0.2500000000000001110, -1.499999999999999778 ) ) ;
#1508 = CARTESIAN_POINT ( 'NONE',  ( -0.8250000000000000666, 0.2300000000000000100, 0.7438262308510099619 ) ) ;
#1509 = CARTESIAN_POINT ( 'NONE',  ( -0.6450000000000003508, 0.2500000000000000000, -1.979999999999999316 ) ) ;
#1510 = ADVANCED_FACE ( 'NONE', ( #977 ), #2344, .T. ) ;
#1511 = LINE ( 'NONE', #1295, #853 ) ;
#1512 = VERTEX_POINT ( 'NONE', #774 ) ;
#1513 = VERTEX_POINT ( 'NONE', #785 ) ;
#1514 = CARTESIAN_POINT ( 'NONE',  ( -0.3750000000000002220, 0.2500000000000000000, 1.500000000000000444 ) ) ;
#1515 = EDGE_LOOP ( 'NONE', ( #934, #911, #599, #2767 ) ) ;
#1516 = ORIENTED_EDGE ( 'NONE', *, *, #215, .F. ) ;
#1517 = CARTESIAN_POINT ( 'NONE',  ( -1.125000000000000444, 0.2250000000000000611, 0.7500000000000003331 ) ) ;
#1518 = CARTESIAN_POINT ( 'NONE',  ( 1.604999999999999982, 0.01999999999999999001, -1.979999999999999316 ) ) ;
#1519 = EDGE_CURVE ( 'NONE', #1341, #2019, #1191, .T. ) ;
#1520 = CARTESIAN_POINT ( 'NONE',  ( -1.604999999999999760, 0.01999999999999999001, 1.980000000000000426 ) ) ;
#1521 = DIRECTION ( 'NONE',  ( 0.000000000000000000, 0.000000000000000000, 1.000000000000000000 ) ) ;
#1522 = CARTESIAN_POINT ( 'NONE',  ( -1.125000000000000444, 0.2250000000000000611, 0.6406000000000005024 ) ) ;
#1523 = DIRECTION ( 'NONE',  ( 0.000000000000000000, -1.000000000000000000, 0.000000000000000000 ) ) ;
#1524 = ORIENTED_EDGE ( 'NONE', *, *, #1752, .F. ) ;
#1525 = DIRECTION ( 'NONE',  ( 0.000000000000000000, 0.000000000000000000, 1.000000000000000000 ) ) ;
#1526 = VERTEX_POINT ( 'NONE', #993 ) ;
#1527 = VECTOR ( 'NONE', #957, 39.37007874015748143 ) ;
#1528 = ORIENTED_EDGE ( 'NONE', *, *, #598, .F. ) ;
#1529 = DIRECTION ( 'NONE',  ( -0.000000000000000000, 1.000000000000000000, -0.000000000000000000 ) ) ;
#1530 = LINE ( 'NONE', #1695, #303 ) ;
#1531 = DIRECTION ( 'NONE',  ( 0.000000000000000000, 0.000000000000000000, 1.000000000000000000 ) ) ;
#1532 = FACE_OUTER_BOUND ( 'NONE', #2638, .T. ) ;
#1533 = DIRECTION ( 'NONE',  ( 1.000000000000000000, -0.000000000000000000, -0.000000000000000000 ) ) ;
#1534 = ORIENTED_EDGE ( 'NONE', *, *, #1367, .T. ) ;
#1535 = EDGE_CURVE ( 'NONE', #1242, #1839, #1554, .T. ) ;
#1536 = DIRECTION ( 'NONE',  ( 9.106159978880878627E-17, -0.000000000000000000, 1.000000000000000000 ) ) ;
#1537 = AXIS2_PLACEMENT_3D ( 'NONE', #2502, #2641, #2175 ) ;
#1538 = ORIENTED_EDGE ( 'NONE', *, *, #2562, .F. ) ;
#1539 = ADVANCED_FACE ( 'NONE', ( #1647, #951 ), #966, .F. ) ;
#1540 = CIRCLE ( 'NONE', #990, 0.1093999999999996642 ) ;
#1541 = CARTESIAN_POINT ( 'NONE',  ( -1.125000000000000444, 0.2500000000000001110, 0.6156000000000003691 ) ) ;
#1542 = DIRECTION ( 'NONE',  ( -0.000000000000000000, 1.000000000000000000, -0.000000000000000000 ) ) ;
#1543 = AXIS2_PLACEMENT_3D ( 'NONE', #137, #2730, #2116 ) ;
#1544 = ORIENTED_EDGE ( 'NONE', *, *, #598, .T. ) ;
#1545 = AXIS2_PLACEMENT_3D ( 'NONE', #2526, #1471, #582 ) ;
#1546 = EDGE_CURVE ( 'NONE', #2504, #487, #1560, .T. ) ;
#1547 = EDGE_LOOP ( 'NONE', ( #2428, #2126 ) ) ;
#1548 = FACE_OUTER_BOUND ( 'NONE', #1270, .T. ) ;
#1549 = AXIS2_PLACEMENT_3D ( 'NONE', #1669, #570, #2580 ) ;
#1550 = DIRECTION ( 'NONE',  ( 0.000000000000000000, 0.000000000000000000, 1.000000000000000000 ) ) ;
#1551 = DIRECTION ( 'NONE',  ( 0.000000000000000000, 0.000000000000000000, 1.000000000000000000 ) ) ;
#1552 = CARTESIAN_POINT ( 'NONE',  ( -1.125000000000000666, 0.2500000000000001110, -0.6155999999999998140 ) ) ;
#1553 = AXIS2_PLACEMENT_3D ( 'NONE', #1148, #1786, #1551 ) ;
#1554 = CIRCLE ( 'NONE', #2165, 0.06425000000000027911 ) ;
#1555 = EDGE_LOOP ( 'NONE', ( #1616, #1428, #2473, #2361 ) ) ;
#1556 = DIRECTION ( 'NONE',  ( 0.000000000000000000, 0.000000000000000000, 1.000000000000000000 ) ) ;
#1557 = ORIENTED_EDGE ( 'NONE', *, *, #1112, .F. ) ;
#1558 = CIRCLE ( 'NONE', #1195, 0.02000000000000005940 ) ;
#1559 = ADVANCED_FACE ( 'NONE', ( #518 ), #2401, .F. ) ;
#1560 =( BOUNDED_CURVE ( )  B_SPLINE_CURVE ( 3, ( #2092, #1856, #534, #1449 ),
 .UNSPECIFIED., .F., .T. ) 
 B_SPLINE_CURVE_WITH_KNOTS ( ( 4, 4 ),
 ( 4.712388980384689674, 6.283185307179586232 ),
 .UNSPECIFIED. ) 
 CURVE ( )  GEOMETRIC_REPRESENTATION_ITEM ( )  RATIONAL_B_SPLINE_CURVE ( ( 1.000000000000000000, 0.8047378541243649375, 0.8047378541243649375, 1.000000000000000000 ) ) 
 REPRESENTATION_ITEM ( '' )  );
#1561 = CARTESIAN_POINT ( 'NONE',  ( -0.6450000000000003508, 0.2500000000000000000, -1.999999999999999334 ) ) ;
#1562 = ORIENTED_EDGE ( 'NONE', *, *, #1250, .F. ) ;
#1563 = EDGE_LOOP ( 'NONE', ( #2049, #1743, #2612, #2472 ) ) ;
#1564 = CARTESIAN_POINT ( 'NONE',  ( -1.125000000000000444, 0.2500000000000001110, 2.731847993664263218E-16 ) ) ;
#1565 = LINE ( 'NONE', #2464, #431 ) ;
#1566 = CARTESIAN_POINT ( 'NONE',  ( -1.125000000000000222, 0.1380000000000002058, 1.500000000000000444 ) ) ;
#1567 = DIRECTION ( 'NONE',  ( 0.000000000000000000, 0.000000000000000000, 1.000000000000000000 ) ) ;
#1568 = PLANE ( 'NONE',  #2627 ) ;
#1569 = ORIENTED_EDGE ( 'NONE', *, *, #1730, .F. ) ;
#1570 = DIRECTION ( 'NONE',  ( 0.000000000000000000, 0.000000000000000000, 1.000000000000000000 ) ) ;
#1571 = ORIENTED_EDGE ( 'NONE', *, *, #1438, .F. ) ;
#1572 = ORIENTED_EDGE ( 'NONE', *, *, #814, .T. ) ;
#1573 = EDGE_CURVE ( 'NONE', #410, #1602, #34, .T. ) ;
#1574 = CARTESIAN_POINT ( 'NONE',  ( 1.605000000000000204, 0.2500000000000000000, 1.980000000000000426 ) ) ;
#1575 = LINE ( 'NONE', #277, #801 ) ;
#1576 = ADVANCED_FACE ( 'NONE', ( #2746, #1171 ), #1630, .F. ) ;
#1577 = FACE_OUTER_BOUND ( 'NONE', #413, .T. ) ;
#1578 = CYLINDRICAL_SURFACE ( 'NONE', #2360, 0.02000000000000005940 ) ;
#1579 = FACE_OUTER_BOUND ( 'NONE', #1980, .T. ) ;
#1580 = CARTESIAN_POINT ( 'NONE',  ( -1.125000000000000666, 0.000000000000000000, -0.8142499999999998073 ) ) ;
#1581 = EDGE_CURVE ( 'NONE', #2304, #554, #1421, .T. ) ;
#1582 = FACE_OUTER_BOUND ( 'NONE', #1296, .T. ) ;
#1583 = EDGE_LOOP ( 'NONE', ( #1106, #1066, #2720, #182 ) ) ;
#1584 = CIRCLE ( 'NONE', #337, 0.1093999999999997891 ) ;
#1585 = AXIS2_PLACEMENT_3D ( 'NONE', #2335, #2135, #1713 ) ;
#1586 = DIRECTION ( 'NONE',  ( -0.000000000000000000, 1.000000000000000000, -0.000000000000000000 ) ) ;
#1587 = VERTEX_POINT ( 'NONE', #1420 ) ;
#1588 = EDGE_CURVE ( 'NONE', #860, #755, #317, .T. ) ;
#1589 = ORIENTED_EDGE ( 'NONE', *, *, #1815, .T. ) ;
#1590 = ORIENTED_EDGE ( 'NONE', *, *, #1885, .T. ) ;
#1591 = FACE_BOUND ( 'NONE', #2510, .T. ) ;
#1592 = CIRCLE ( 'NONE', #1179, 0.1093999999999996642 ) ;
#1593 = LENGTH_MEASURE_WITH_UNIT ( LENGTH_MEASURE( 0.02539999999999999897 ), #677 );
#1594 = CARTESIAN_POINT ( 'NONE',  ( 0.000000000000000000, 0.1250000000000000000, 0.000000000000000000 ) ) ;
#1595 = DIRECTION ( 'NONE',  ( 0.000000000000000000, 0.000000000000000000, 1.000000000000000000 ) ) ;
#1596 = PLANE ( 'NONE',  #2307 ) ;
#1597 = DIRECTION ( 'NONE',  ( 1.000000000000000000, 0.000000000000000000, -1.365923996832131609E-16 ) ) ;
#1598 = AXIS2_PLACEMENT_3D ( 'NONE', #2283, #1188, #504 ) ;
#1599 = DIRECTION ( 'NONE',  ( 1.365923996832131609E-16, -0.000000000000000000, 1.000000000000000000 ) ) ;
#1600 = ORIENTED_EDGE ( 'NONE', *, *, #1196, .F. ) ;
#1601 = EDGE_CURVE ( 'NONE', #1860, #323, #2332, .T. ) ;
#1602 = VERTEX_POINT ( 'NONE', #2758 ) ;
#1603 = CIRCLE ( 'NONE', #2212, 0.2000000000000000389 ) ;
#1604 = AXIS2_PLACEMENT_3D ( 'NONE', #1866, #515, #1402 ) ;
#1605 = CARTESIAN_POINT ( 'NONE',  ( 0.3749999999999998335, 0.2500000000000000000, 1.500000000000000444 ) ) ;
#1606 = ORIENTED_EDGE ( 'NONE', *, *, #1113, .T. ) ;
#1607 = ORIENTED_EDGE ( 'NONE', *, *, #2498, .T. ) ;
#1608 = FACE_BOUND ( 'NONE', #2062, .T. ) ;
#1609 = VERTEX_POINT ( 'NONE', #2547 ) ;
#1610 = CARTESIAN_POINT ( 'NONE',  ( -1.125000000000000666, 0.1380000000000002058, -1.564250000000000362 ) ) ;
#1611 = CYLINDRICAL_SURFACE ( 'NONE', #811, 0.06425000000000014033 ) ;
#1612 = DIRECTION ( 'NONE',  ( -0.000000000000000000, 1.000000000000000000, -0.000000000000000000 ) ) ;
#1613 = DIRECTION ( 'NONE',  ( 0.000000000000000000, 0.000000000000000000, 1.000000000000000000 ) ) ;
#1614 = CARTESIAN_POINT ( 'NONE',  ( -1.125000000000000666, 0.1380000000000002058, -0.7499999999999997780 ) ) ;
#1615 = ADVANCED_FACE ( 'NONE', ( #330 ), #2857, .F. ) ;
#1616 = ORIENTED_EDGE ( 'NONE', *, *, #2613, .F. ) ;
#1617 = AXIS2_PLACEMENT_3D ( 'NONE', #629, #2236, #1334 ) ;
#1618 = DIRECTION ( 'NONE',  ( 0.000000000000000000, 0.000000000000000000, 1.000000000000000000 ) ) ;
#1619 = ORIENTED_EDGE ( 'NONE', *, *, #1546, .T. ) ;
#1620 = ORIENTED_EDGE ( 'NONE', *, *, #325, .F. ) ;
#1621 = DIRECTION ( 'NONE',  ( 1.000000000000000000, 0.000000000000000000, 0.000000000000000000 ) ) ;
#1622 = EDGE_LOOP ( 'NONE', ( #1986, #2202, #1050, #287 ) ) ;
#1623 = DATE_AND_TIME ( #580, #2203 ) ;
#1624 = CARTESIAN_POINT ( 'NONE',  ( -1.125000000000000444, 0.2500000000000001110, 0.6156000000000003691 ) ) ;
#1625 = DIRECTION ( 'NONE',  ( -0.000000000000000000, 1.000000000000000000, -0.000000000000000000 ) ) ;
#1626 = FACE_OUTER_BOUND ( 'NONE', #1764, .T. ) ;
#1627 = FACE_OUTER_BOUND ( 'NONE', #713, .T. ) ;
#1628 = EDGE_LOOP ( 'NONE', ( #471, #152, #1544, #435 ) ) ;
#1629 = EDGE_CURVE ( 'NONE', #502, #1513, #562, .T. ) ;
#1630 = PLANE ( 'NONE',  #444 ) ;
#1631 = APPROVAL ( #1656, 'UNSPECIFIED' ) ;
#1632 = VERTEX_POINT ( 'NONE', #1006 ) ;
#1633 = ORIENTED_EDGE ( 'NONE', *, *, #127, .F. ) ;
#1634 = CARTESIAN_POINT ( 'NONE',  ( 0.3749999999999998335, 0.2500000000000001110, 1.500000000000000444 ) ) ;
#1635 = VECTOR ( 'NONE', #210, 39.37007874015748143 ) ;
#1636 = EDGE_CURVE ( 'NONE', #1513, #131, #2359, .T. ) ;
#1637 = VERTEX_POINT ( 'NONE', #2587 ) ;
#1638 = AXIS2_PLACEMENT_3D ( 'NONE', #2214, #849, #1957 ) ;
#1639 = AXIS2_PLACEMENT_3D ( 'NONE', #2743, #1837, #124 ) ;
#1640 = CARTESIAN_POINT ( 'NONE',  ( -0.5264716272503886518, 0.2300000000000000100, 1.076923076923077094 ) ) ;
#1641 = AXIS2_PLACEMENT_3D ( 'NONE', #81, #1657, #2579 ) ;
#1642 = CYLINDRICAL_SURFACE ( 'NONE', #2444, 0.06425000000000027911 ) ;
#1643 = EDGE_CURVE ( 'NONE', #799, #2454, #1603, .T. ) ;
#1644 = DIRECTION ( 'NONE',  ( 0.000000000000000000, 0.000000000000000000, 1.000000000000000000 ) ) ;
#1645 = ORIENTED_EDGE ( 'NONE', *, *, #2288, .F. ) ;
#1646 = VECTOR ( 'NONE', #1177, 39.37007874015748143 ) ;
#1647 = FACE_BOUND ( 'NONE', #1838, .T. ) ;
#1648 = EDGE_CURVE ( 'NONE', #55, #702, #351, .T. ) ;
#1649 = AXIS2_PLACEMENT_3D ( 'NONE', #343, #1228, #100 ) ;
#1650 = ORIENTED_EDGE ( 'NONE', *, *, #426, .T. ) ;
#1651 = EDGE_CURVE ( 'NONE', #113, #502, #1972, .T. ) ;
#1652 = CIRCLE ( 'NONE', #394, 0.1093999999999997891 ) ;
#1653 = ORIENTED_EDGE ( 'NONE', *, *, #1257, .F. ) ;
#1654 = DIRECTION ( 'NONE',  ( -0.000000000000000000, 1.000000000000000000, -0.000000000000000000 ) ) ;
#1655 = ORIENTED_EDGE ( 'NONE', *, *, #423, .T. ) ;
#1656 = APPROVAL_STATUS ( 'not_yet_approved' ) ;
#1657 = DIRECTION ( 'NONE',  ( -0.000000000000000000, 1.000000000000000000, -0.000000000000000000 ) ) ;
#1658 = FACE_OUTER_BOUND ( 'NONE', #761, .T. ) ;
#1659 = FACE_OUTER_BOUND ( 'NONE', #2745, .T. ) ;
#1660 = CARTESIAN_POINT ( 'NONE',  ( 1.605000000000000204, 0.02000000000000000042, 1.980000000000000426 ) ) ;
#1661 = DIRECTION ( 'NONE',  ( 0.000000000000000000, -1.000000000000000000, 0.000000000000000000 ) ) ;
#1662 = ORIENTED_EDGE ( 'NONE', *, *, #440, .F. ) ;
#1663 = CARTESIAN_POINT ( 'NONE',  ( -0.3750000000000002220, 0.2500000000000001110, 1.500000000000000444 ) ) ;
#1664 = ORIENTED_EDGE ( 'NONE', *, *, #2810, .T. ) ;
#1665 = DATE_AND_TIME ( #1890, #2668 ) ;
#1666 = EDGE_CURVE ( 'NONE', #554, #2304, #2726, .T. ) ;
#1667 = ADVANCED_FACE ( 'NONE', ( #1724 ), #378, .F. ) ;
#1668 = CARTESIAN_POINT ( 'NONE',  ( 1.604999999999999760, 0.02000000000000000042, -1.979999999999999316 ) ) ;
#1669 = CARTESIAN_POINT ( 'NONE',  ( -1.125000000000000222, 0.2500000000000001110, 1.500000000000000444 ) ) ;
#1670 = DIRECTION ( 'NONE',  ( 0.000000000000000000, 0.000000000000000000, 1.000000000000000000 ) ) ;
#1671 = CARTESIAN_POINT ( 'NONE',  ( 1.604999999999999760, 0.01999999999999999001, -1.979999999999999316 ) ) ;
#1672 = EDGE_CURVE ( 'NONE', #2821, #1204, #1241, .T. ) ;
#1673 = CIRCLE ( 'NONE', #1763, 0.02000000000000005940 ) ;
#1674 = DIRECTION ( 'NONE',  ( 0.000000000000000000, -1.000000000000000000, 0.000000000000000000 ) ) ;
#1675 = ORIENTED_EDGE ( 'NONE', *, *, #2798, .F. ) ;
#1676 = DIRECTION ( 'NONE',  ( -0.000000000000000000, 1.000000000000000000, -0.000000000000000000 ) ) ;
#1677 = ORIENTED_EDGE ( 'NONE', *, *, #1475, .T. ) ;
#1678 = PERSON_AND_ORGANIZATION ( #2636, #2808 ) ;
#1679 = CARTESIAN_POINT ( 'NONE',  ( -0.5107070876104508050, 0.2300000000000000100, 1.089230769230769669 ) ) ;
#1680 = CYLINDRICAL_SURFACE ( 'NONE', #2761, 0.1093999999999996642 ) ;
#1681 = LINE ( 'NONE', #418, #1236 ) ;
#1682 = DIRECTION ( 'NONE',  ( -0.000000000000000000, 1.000000000000000000, -0.000000000000000000 ) ) ;
#1683 = VECTOR ( 'NONE', #1069, 39.37007874015748143 ) ;
#1684 = ADVANCED_FACE ( 'NONE', ( #825 ), #2818, .F. ) ;
#1685 = DIRECTION ( 'NONE',  ( -0.000000000000000000, 1.000000000000000000, -0.000000000000000000 ) ) ;
#1686 = VECTOR ( 'NONE', #2476, 39.37007874015748143 ) ;
#1687 = ORIENTED_EDGE ( 'NONE', *, *, #1666, .T. ) ;
#1688 = EDGE_LOOP ( 'NONE', ( #887, #2222, #550, #703 ) ) ;
#1689 = VECTOR ( 'NONE', #83, 39.37007874015748143 ) ;
#1690 = DIRECTION ( 'NONE',  ( 0.000000000000000000, 0.000000000000000000, -1.000000000000000000 ) ) ;
#1691 = CIRCLE ( 'NONE', #442, 0.1343999999999999362 ) ;
#1692 = ORIENTED_EDGE ( 'NONE', *, *, #2411, .F. ) ;
#1693 = AXIS2_PLACEMENT_3D ( 'NONE', #1214, #2104, #285 ) ;
#1694 = AXIS2_PLACEMENT_3D ( 'NONE', #1832, #2727, #724 ) ;
#1695 = CARTESIAN_POINT ( 'NONE',  ( -1.125000000000000666, 0.2500000000000001110, -0.6155999999999998140 ) ) ;
#1696 = DIRECTION ( 'NONE',  ( 0.000000000000000000, 0.000000000000000000, 1.000000000000000000 ) ) ;
#1697 = DIRECTION ( 'NONE',  ( -0.000000000000000000, 1.000000000000000000, -0.000000000000000000 ) ) ;
#1698 = CARTESIAN_POINT ( 'NONE',  ( -1.625000000000000222, 0.2300000000000000100, -1.979999999999999316 ) ) ;
#1699 = EDGE_CURVE ( 'NONE', #2869, #2873, #368, .T. ) ;
#1700 = DIRECTION ( 'NONE',  ( -1.000000000000000000, 0.000000000000000000, -0.000000000000000000 ) ) ;
#1701 = VECTOR ( 'NONE', #1102, 39.37007874015748143 ) ;
#1702 = ORIENTED_EDGE ( 'NONE', *, *, #1371, .F. ) ;
#1703 = CARTESIAN_POINT ( 'NONE',  ( -0.3688262308510104059, 0.1250000000000000000, 1.200000000000000622 ) ) ;
#1704 = ORIENTED_EDGE ( 'NONE', *, *, #173, .F. ) ;
#1705 = FACE_OUTER_BOUND ( 'NONE', #1486, .T. ) ;
#1706 = FACE_OUTER_BOUND ( 'NONE', #1628, .T. ) ;
#1707 = DIRECTION ( 'NONE',  ( -0.000000000000000000, 1.000000000000000000, -0.000000000000000000 ) ) ;
#1708 = DIRECTION ( 'NONE',  ( 1.000000000000000000, 0.000000000000000000, -1.365923996832127547E-14 ) ) ;
#1709 = CARTESIAN_POINT ( 'NONE',  ( 1.124999999999999778, 0.2500000000000001110, 1.365600000000000591 ) ) ;
#1710 = ADVANCED_FACE ( 'NONE', ( #1030 ), #211, .F. ) ;
#1711 = VERTEX_POINT ( 'NONE', #574 ) ;
#1712 = EDGE_CURVE ( 'NONE', #1938, #45, #1462, .T. ) ;
#1713 = DIRECTION ( 'NONE',  ( 0.000000000000000000, 0.000000000000000000, 1.000000000000000000 ) ) ;
#1714 = ORIENTED_EDGE ( 'NONE', *, *, #705, .T. ) ;
#1715 = VERTEX_POINT ( 'NONE', #1476 ) ;
#1716 = EDGE_CURVE ( 'NONE', #1762, #487, #356, .T. ) ;
#1717 = AXIS2_PLACEMENT_3D ( 'NONE', #572, #2409, #1474 ) ;
#1718 = DIRECTION ( 'NONE',  ( 8.659560562354943952E-17, 0.7071067811865464625, -0.7071067811865484609 ) ) ;
#1719 = CIRCLE ( 'NONE', #474, 0.1093999999999999279 ) ;
#1720 = DIRECTION ( 'NONE',  ( -1.365923996832131609E-16, 0.000000000000000000, -1.000000000000000000 ) ) ;
#1721 = DIRECTION ( 'NONE',  ( -0.000000000000000000, -0.000000000000000000, 1.000000000000000000 ) ) ;
#1722 = DIRECTION ( 'NONE',  ( -1.000000000000000000, 0.000000000000000000, 0.000000000000000000 ) ) ;
#1723 = EDGE_CURVE ( 'NONE', #2123, #2036, #1511, .T. ) ;
#1724 = FACE_OUTER_BOUND ( 'NONE', #2102, .T. ) ;
#1725 = AXIS2_PLACEMENT_3D ( 'NONE', #1364, #464, #696 ) ;
#1726 = VERTEX_POINT ( 'NONE', #1284 ) ;
#1727 = CIRCLE ( 'NONE', #2018, 0.1344000000000000750 ) ;
#1728 = ORIENTED_EDGE ( 'NONE', *, *, #2263, .T. ) ;
#1729 = LINE ( 'NONE', #2715, #2016 ) ;
#1730 = EDGE_CURVE ( 'NONE', #560, #2137, #1787, .T. ) ;
#1731 = AXIS2_PLACEMENT_3D ( 'NONE', #630, #198, #429 ) ;
#1732 = ORIENTED_EDGE ( 'NONE', *, *, #904, .F. ) ;
#1733 = CIRCLE ( 'NONE', #2207, 0.06425000000000000155 ) ;
#1734 = ORIENTED_EDGE ( 'NONE', *, *, #557, .F. ) ;
#1735 = CARTESIAN_POINT ( 'NONE',  ( -0.3688262308510104059, 0.2300000000000000100, 1.200000000000000622 ) ) ;
#1736 = AXIS2_PLACEMENT_3D ( 'NONE', #254, #2044, #1372 ) ;
#1737 = DIRECTION ( 'NONE',  ( 0.000000000000000000, 0.000000000000000000, 1.000000000000000000 ) ) ;
#1738 = CIRCLE ( 'NONE', #2446, 0.02000000000000005940 ) ;
#1739 = FACE_OUTER_BOUND ( 'NONE', #2247, .T. ) ;
#1740 = DIRECTION ( 'NONE',  ( 0.000000000000000000, 0.000000000000000000, -1.000000000000000000 ) ) ;
#1741 = DIRECTION ( 'NONE',  ( 0.000000000000000000, 0.000000000000000000, 1.000000000000000000 ) ) ;
#1742 = PLANE ( 'NONE',  #32 ) ;
#1743 = ORIENTED_EDGE ( 'NONE', *, *, #881, .F. ) ;
#1744 = EDGE_LOOP ( 'NONE', ( #2736, #1844, #1655, #2624 ) ) ;
#1745 = DIRECTION ( 'NONE',  ( -1.365923996832131609E-16, 0.000000000000000000, -1.000000000000000000 ) ) ;
#1746 = VERTEX_POINT ( 'NONE', #597 ) ;
#1747 = EDGE_LOOP ( 'NONE', ( #2853, #1255, #490, #2608 ) ) ;
#1748 = CARTESIAN_POINT ( 'NONE',  ( -1.125000000000000666, 0.000000000000000000, -0.6857499999999997486 ) ) ;
#1749 = AXIS2_PLACEMENT_3D ( 'NONE', #896, #680, #1741 ) ;
#1750 = DIRECTION ( 'NONE',  ( 0.000000000000000000, 0.000000000000000000, 1.000000000000000000 ) ) ;
#1751 = EDGE_CURVE ( 'NONE', #2673, #1464, #2370, .T. ) ;
#1752 = EDGE_CURVE ( 'NONE', #1215, #1793, #905, .T. ) ;
#1753 = CYLINDRICAL_SURFACE ( 'NONE', #1638, 0.02000000000000005940 ) ;
#1754 = CYLINDRICAL_SURFACE ( 'NONE', #671, 0.1093999999999997891 ) ;
#1755 = FACE_OUTER_BOUND ( 'NONE', #530, .T. ) ;
#1756 = ORIENTED_EDGE ( 'NONE', *, *, #637, .F. ) ;
#1757 = CARTESIAN_POINT ( 'NONE',  ( -1.125000000000000666, 0.2500000000000000000, -1.499999999999999778 ) ) ;
#1758 = EDGE_CURVE ( 'NONE', #641, #255, #122, .T. ) ;
#1759 = VERTEX_POINT ( 'NONE', #835 ) ;
#1760 = CARTESIAN_POINT ( 'NONE',  ( 1.124999999999999778, 0.1380000000000002058, 1.500000000000000444 ) ) ;
#1761 = CARTESIAN_POINT ( 'NONE',  ( -1.125000000000000444, 0.1380000000000002058, -0.1093999999999995254 ) ) ;
#1762 = VERTEX_POINT ( 'NONE', #1908 ) ;
#1763 = AXIS2_PLACEMENT_3D ( 'NONE', #1205, #2306, #539 ) ;
#1764 = EDGE_LOOP ( 'NONE', ( #341, #1393, #2186, #1005 ) ) ;
#1765 = DIRECTION ( 'NONE',  ( 0.000000000000000000, 0.000000000000000000, 1.000000000000000000 ) ) ;
#1766 = CARTESIAN_POINT ( 'NONE',  ( 1.124999999999999778, 0.2500000000000000000, 1.609400000000000386 ) ) ;
#1767 = EDGE_CURVE ( 'NONE', #813, #675, #2121, .T. ) ;
#1768 = CARTESIAN_POINT ( 'NONE',  ( -0.3750000000000002220, 0.2500000000000001110, 1.500000000000000444 ) ) ;
#1769 = LINE ( 'NONE', #694, #1927 ) ;
#1770 = CARTESIAN_POINT ( 'NONE',  ( -1.125000000000000444, 0.1380000000000002058, 2.731847993664263218E-16 ) ) ;
#1771 = ADVANCED_FACE ( 'NONE', ( #2422 ), #2436, .T. ) ;
#1772 = ORIENTED_EDGE ( 'NONE', *, *, #2439, .T. ) ;
#1773 = CARTESIAN_POINT ( 'NONE',  ( -1.125000000000000222, 0.1380000000000002058, 1.500000000000000444 ) ) ;
#1774 = AXIS2_PLACEMENT_3D ( 'NONE', #2362, #359, #141 ) ;
#1775 = ORIENTED_EDGE ( 'NONE', *, *, #2086, .T. ) ;
#1776 = CIRCLE ( 'NONE', #71, 0.02000000000000005940 ) ;
#1777 = CARTESIAN_POINT ( 'NONE',  ( -1.125000000000000666, 0.2500000000000001110, -1.365599999999999703 ) ) ;
#1778 = VECTOR ( 'NONE', #54, 39.37007874015748143 ) ;
#1779 = VERTEX_POINT ( 'NONE', #2010 ) ;
#1780 = CIRCLE ( 'NONE', #533, 0.02000000000000000042 ) ;
#1781 = ORIENTED_EDGE ( 'NONE', *, *, #2562, .T. ) ;
#1782 = DIRECTION ( 'NONE',  ( 0.000000000000000000, 0.000000000000000000, 1.000000000000000000 ) ) ;
#1783 = CIRCLE ( 'NONE', #120, 0.06425000000000041789 ) ;
#1784 = DIRECTION ( 'NONE',  ( -0.000000000000000000, 1.000000000000000000, -0.000000000000000000 ) ) ;
#1785 = CYLINDRICAL_SURFACE ( 'NONE', #1182, 0.06425000000000027911 ) ;
#1786 = DIRECTION ( 'NONE',  ( -0.000000000000000000, 1.000000000000000000, -0.000000000000000000 ) ) ;
#1787 = CIRCLE ( 'NONE', #1375, 0.02000000000000005940 ) ;
#1788 = CARTESIAN_POINT ( 'NONE',  ( -1.125000000000000222, 0.000000000000000000, 1.500000000000000444 ) ) ;
#1789 = AXIS2_PLACEMENT_3D ( 'NONE', #2618, #1958, #1521 ) ;
#1790 = CIRCLE ( 'NONE', #1323, 0.06425000000000041789 ) ;
#1791 = DIRECTION ( 'NONE',  ( -0.000000000000000000, 1.000000000000000000, -0.000000000000000000 ) ) ;
#1792 = LINE ( 'NONE', #919, #1139 ) ;
#1793 = VERTEX_POINT ( 'NONE', #53 ) ;
#1794 = ADVANCED_FACE ( 'NONE', ( #2231 ), #1742, .F. ) ;
#1795 = CARTESIAN_POINT ( 'NONE',  ( -0.6250000000000000000, 0.1250000000000000000, 1.000000000000000000 ) ) ;
#1796 = EDGE_CURVE ( 'NONE', #758, #1762, #1792, .T. ) ;
#1797 = ORIENTED_EDGE ( 'NONE', *, *, #1161, .F. ) ;
#1798 = EDGE_LOOP ( 'NONE', ( #2523, #1301 ) ) ;
#1799 = CARTESIAN_POINT ( 'NONE',  ( -1.125000000000000444, 0.1380000000000002058, 0.7500000000000003331 ) ) ;
#1800 = ADVANCED_FACE ( 'NONE', ( #2686 ), #1326, .F. ) ;
#1801 = AXIS2_PLACEMENT_3D ( 'NONE', #695, #647, #2661 ) ;
#1802 = DIRECTION ( 'NONE',  ( 0.000000000000000000, 0.000000000000000000, 1.000000000000000000 ) ) ;
#1803 = FACE_OUTER_BOUND ( 'NONE', #2443, .T. ) ;
#1804 = DIRECTION ( 'NONE',  ( 0.000000000000000000, 0.000000000000000000, 1.000000000000000000 ) ) ;
#1805 = DIRECTION ( 'NONE',  ( 0.000000000000000000, -0.000000000000000000, -1.000000000000000000 ) ) ;
#1806 = CARTESIAN_POINT ( 'NONE',  ( -1.125000000000000222, 0.2500000000000000000, 1.500000000000000444 ) ) ;
#1807 = ORIENTED_EDGE ( 'NONE', *, *, #2030, .F. ) ;
#1808 = DIRECTION ( 'NONE',  ( 8.659560562354943952E-17, 0.7071067811865464625, -0.7071067811865484609 ) ) ;
#1809 = ORIENTED_EDGE ( 'NONE', *, *, #250, .T. ) ;
#1810 = EDGE_LOOP ( 'NONE', ( #1948, #1966, #125, #1454 ) ) ;
#1811 = VERTEX_POINT ( 'NONE', #683 ) ;
#1812 = CARTESIAN_POINT ( 'NONE',  ( -1.125000000000000666, 0.1380000000000002058, -1.499999999999999778 ) ) ;
#1813 = CIRCLE ( 'NONE', #1019, 0.02000000000000005940 ) ;
#1814 = CARTESIAN_POINT ( 'NONE',  ( -0.6450000000000003508, 0.1050000000000000100, -1.999999999999999334 ) ) ;
#1815 = EDGE_CURVE ( 'NONE', #735, #1512, #883, .T. ) ;
#1816 = CARTESIAN_POINT ( 'NONE',  ( 1.604999999999999982, 0.1050000000000000100, -2.192308014915571159E-16 ) ) ;
#1817 = FACE_OUTER_BOUND ( 'NONE', #2552, .T. ) ;
#1818 = CARTESIAN_POINT ( 'NONE',  ( 1.605000000000000204, 0.2300000000000000100, 1.020000000000000684 ) ) ;
#1819 = FACE_OUTER_BOUND ( 'NONE', #1478, .T. ) ;
#1820 = DIRECTION ( 'NONE',  ( -0.000000000000000000, 1.000000000000000000, -0.000000000000000000 ) ) ;
#1821 = ORIENTED_EDGE ( 'NONE', *, *, #129, .T. ) ;
#1822 = CIRCLE ( 'NONE', #2841, 0.02000000000000005940 ) ;
#1823 = CARTESIAN_POINT ( 'NONE',  ( -1.125000000000000444, 0.2500000000000000000, 0.6857500000000001927 ) ) ;
#1824 = ORIENTED_EDGE ( 'NONE', *, *, #371, .F. ) ;
#1825 = EDGE_LOOP ( 'NONE', ( #2804, #2655, #1088, #2281 ) ) ;
#1826 = ADVANCED_FACE ( 'NONE', ( #2245, #1137 ), #1568, .F. ) ;
#1827 = FACE_BOUND ( 'NONE', #2843, .T. ) ;
#1828 = AXIS2_PLACEMENT_3D ( 'NONE', #605, #171, #594 ) ;
#1829 = ORIENTED_EDGE ( 'NONE', *, *, #727, .T. ) ;
#1830 = LINE ( 'NONE', #722, #256 ) ;
#1831 = LOCAL_TIME ( 16, 41, 20.00000000000000000, #2323 ) ;
#1832 = CARTESIAN_POINT ( 'NONE',  ( 0.000000000000000000, 0.1050000000000000100, -1.979999999999999316 ) ) ;
#1833 = DIRECTION ( 'NONE',  ( -0.000000000000000000, 1.000000000000000000, -0.000000000000000000 ) ) ;
#1834 = AXIS2_PLACEMENT_3D ( 'NONE', #2139, #374, #792 ) ;
#1835 = CYLINDRICAL_SURFACE ( 'NONE', #1083, 0.02000000000000005940 ) ;
#1836 = AXIS2_PLACEMENT_3D ( 'NONE', #1358, #1155, #1124 ) ;
#1837 = DIRECTION ( 'NONE',  ( -0.000000000000000000, 1.000000000000000000, -0.000000000000000000 ) ) ;
#1838 = EDGE_LOOP ( 'NONE', ( #1910, #104 ) ) ;
#1839 = VERTEX_POINT ( 'NONE', #268 ) ;
#1840 = AXIS2_PLACEMENT_3D ( 'NONE', #2184, #2837, #2172 ) ;
#1841 = CARTESIAN_POINT ( 'NONE',  ( -1.605000000000000204, 0.2300000000000000100, -1.979999999999999316 ) ) ;
#1842 = ORIENTED_EDGE ( 'NONE', *, *, #881, .T. ) ;
#1843 = AXIS2_PLACEMENT_3D ( 'NONE', #2276, #279, #943 ) ;
#1844 = ORIENTED_EDGE ( 'NONE', *, *, #1666, .F. ) ;
#1845 = CARTESIAN_POINT ( 'NONE',  ( -1.125000000000000666, 0.2500000000000000000, -1.390600000000000280 ) ) ;
#1846 = ORIENTED_EDGE ( 'NONE', *, *, #1546, .F. ) ;
#1847 = PERSON_AND_ORGANIZATION ( #2636, #2808 ) ;
#1848 = CARTESIAN_POINT ( 'NONE',  ( -1.604999999999999760, 0.2300000000000000100, 1.980000000000000426 ) ) ;
#1849 = ADVANCED_FACE ( 'NONE', ( #1582 ), #1105, .T. ) ;
#1850 = CARTESIAN_POINT ( 'NONE',  ( -1.125000000000000444, 0.2250000000000000611, 2.731847993664263218E-16 ) ) ;
#1851 = EDGE_CURVE ( 'NONE', #1997, #1811, #2219, .T. ) ;
#1852 = DIRECTION ( 'NONE',  ( 0.000000000000000000, 0.000000000000000000, 1.000000000000000000 ) ) ;
#1853 = SPHERICAL_SURFACE ( 'NONE', #2154, 0.02000000000000000042 ) ;
#1854 = EDGE_LOOP ( 'NONE', ( #1600, #140, #2669 ) ) ;
#1855 = EDGE_CURVE ( 'NONE', #1715, #2520, #1924, .T. ) ;
#1856 = CARTESIAN_POINT ( 'NONE',  ( 1.625000000000000222, 0.1167157287525380921, 1.008284271247462449 ) ) ;
#1857 = ORIENTED_EDGE ( 'NONE', *, *, #313, .F. ) ;
#1858 = ORIENTED_EDGE ( 'NONE', *, *, #2648, .F. ) ;
#1859 = CYLINDRICAL_SURFACE ( 'NONE', #2481, 0.1093999999999999279 ) ;
#1860 = VERTEX_POINT ( 'NONE', #421 ) ;
#1861 = COORDINATED_UNIVERSAL_TIME_OFFSET ( 0, 0, .AHEAD. ) ;
#1862 = DIRECTION ( 'NONE',  ( 0.000000000000000000, -0.000000000000000000, -1.000000000000000000 ) ) ;
#1863 = EDGE_CURVE ( 'NONE', #1204, #196, #224, .T. ) ;
#1864 = EDGE_CURVE ( 'NONE', #1502, #1526, #1419, .T. ) ;
#1865 = FACE_OUTER_BOUND ( 'NONE', #1744, .T. ) ;
#1866 = CARTESIAN_POINT ( 'NONE',  ( 1.124999999999999778, 0.2500000000000000000, 1.500000000000000444 ) ) ;
#1867 = ORIENTED_EDGE ( 'NONE', *, *, #2063, .T. ) ;
#1868 = CARTESIAN_POINT ( 'NONE',  ( -0.2656000000000004468, 0.1380000000000002058, 1.500000000000000444 ) ) ;
#1869 = EDGE_LOOP ( 'NONE', ( #2166, #1258 ) ) ;
#1870 = CIRCLE ( 'NONE', #111, 0.02000000000000005940 ) ;
#1871 = EDGE_LOOP ( 'NONE', ( #2434, #2487, #2531 ) ) ;
#1872 = DIRECTION ( 'NONE',  ( 0.000000000000000000, 0.000000000000000000, 1.000000000000000000 ) ) ;
#1873 = EDGE_LOOP ( 'NONE', ( #1662, #968, #6, #2234 ) ) ;
#1874 = SHAPE_DEFINITION_REPRESENTATION ( #231, #319 ) ;
#1875 = AXIS2_PLACEMENT_3D ( 'NONE', #1025, #365, #807 ) ;
#1876 = DIRECTION ( 'NONE',  ( -0.000000000000000000, 1.000000000000000000, -0.000000000000000000 ) ) ;
#1877 = CIRCLE ( 'NONE', #2811, 0.1093999999999996642 ) ;
#1878 = DIRECTION ( 'NONE',  ( -0.000000000000000000, 1.000000000000000000, -0.000000000000000000 ) ) ;
#1879 = CARTESIAN_POINT ( 'NONE',  ( -1.125000000000000222, 0.1380000000000002058, 1.390600000000000502 ) ) ;
#1880 = VERTEX_POINT ( 'NONE', #7 ) ;
#1881 = DIRECTION ( 'NONE',  ( 0.000000000000000000, 1.000000000000000000, 0.000000000000000000 ) ) ;
#1882 = VECTOR ( 'NONE', #139, 39.37007874015748854 ) ;
#1883 = EDGE_LOOP ( 'NONE', ( #1889, #2146, #1620, #2700 ) ) ;
#1884 = CIRCLE ( 'NONE', #2264, 0.06425000000000000155 ) ;
#1885 = EDGE_CURVE ( 'NONE', #2416, #1286, #902, .T. ) ;
#1886 = VERTEX_POINT ( 'NONE', #2483 ) ;
#1887 = EDGE_CURVE ( 'NONE', #1886, #836, #2623, .T. ) ;
#1888 = DIRECTION ( 'NONE',  ( -0.000000000000000000, 1.000000000000000000, -0.000000000000000000 ) ) ;
#1889 = ORIENTED_EDGE ( 'NONE', *, *, #769, .T. ) ;
#1890 = CALENDAR_DATE ( 2025, 2, 5 ) ;
#1891 = EDGE_CURVE ( 'NONE', #1711, #2873, #76, .T. ) ;
#1892 = FACE_OUTER_BOUND ( 'NONE', #2402, .T. ) ;
#1893 = DIRECTION ( 'NONE',  ( 1.000000000000000000, 0.000000000000000000, 0.000000000000000000 ) ) ;
#1894 = CARTESIAN_POINT ( 'NONE',  ( -1.605000000000000204, 0.02000000000000000042, -1.979999999999999316 ) ) ;
#1895 = EDGE_LOOP ( 'NONE', ( #967, #1952, #31, #1702 ) ) ;
#1896 = ADVANCED_FACE ( 'NONE', ( #1355 ), #2266, .F. ) ;
#1897 = DIRECTION ( 'NONE',  ( -0.000000000000000000, 1.000000000000000000, -0.000000000000000000 ) ) ;
#1898 = ORIENTED_EDGE ( 'NONE', *, *, #175, .T. ) ;
#1899 = DIRECTION ( 'NONE',  ( 1.000000000000000000, 0.000000000000000000, -1.365923996832128651E-16 ) ) ;
#1900 = ORIENTED_EDGE ( 'NONE', *, *, #1459, .F. ) ;
#1901 = APPROVAL_DATE_TIME ( #2739, #1631 ) ;
#1902 = LINE ( 'NONE', #1012, #300 ) ;
#1903 = EDGE_CURVE ( 'NONE', #1403, #2427, #771, .T. ) ;
#1904 = DIRECTION ( 'NONE',  ( 1.365923996832131609E-16, -0.000000000000000000, 1.000000000000000000 ) ) ;
#1905 = FACE_OUTER_BOUND ( 'NONE', #1583, .T. ) ;
#1906 = CARTESIAN_POINT ( 'NONE',  ( -0.8250000000000000666, 0.2500000000000000000, 0.7438262308510099619 ) ) ;
#1907 = CIRCLE ( 'NONE', #787, 0.1093999999999996642 ) ;
#1908 = CARTESIAN_POINT ( 'NONE',  ( 1.605000000000000204, 0.2300000000000000100, 1.000000000000000444 ) ) ;
#1909 = ORIENTED_EDGE ( 'NONE', *, *, #2498, .F. ) ;
#1910 = ORIENTED_EDGE ( 'NONE', *, *, #1535, .F. ) ;
#1911 = DIRECTION ( 'NONE',  ( -1.000000000000000000, 0.000000000000000000, 0.000000000000000000 ) ) ;
#1912 = ORIENTED_EDGE ( 'NONE', *, *, #1767, .T. ) ;
#1913 = AXIS2_PLACEMENT_3D ( 'NONE', #1168, #2856, #1373 ) ;
#1914 = CARTESIAN_POINT ( 'NONE',  ( -1.624999999999999778, 0.2300000000000000100, 2.000000000000000444 ) ) ;
#1915 = EDGE_CURVE ( 'NONE', #30, #2869, #161, .T. ) ;
#1916 = DIRECTION ( 'NONE',  ( 0.000000000000000000, 0.000000000000000000, 1.000000000000000000 ) ) ;
#1917 = DIRECTION ( 'NONE',  ( 0.000000000000000000, 0.000000000000000000, 1.000000000000000000 ) ) ;
#1918 = CIRCLE ( 'NONE', #430, 0.06425000000000027911 ) ;
#1919 = CARTESIAN_POINT ( 'NONE',  ( -1.125000000000000222, 0.2250000000000000611, 1.609399999999999942 ) ) ;
#1920 = LOCAL_TIME ( 16, 41, 20.00000000000000000, #2097 ) ;
#1921 = CARTESIAN_POINT ( 'NONE',  ( -1.125000000000000222, 0.2250000000000000611, 1.500000000000000444 ) ) ;
#1922 = AXIS2_PLACEMENT_3D ( 'NONE', #2179, #829, #1956 ) ;
#1923 = EDGE_LOOP ( 'NONE', ( #2723, #349 ) ) ;
#1924 = CIRCLE ( 'NONE', #2162, 0.06425000000000027911 ) ;
#1925 = DIRECTION ( 'NONE',  ( -1.000000000000000000, 0.000000000000000000, -0.000000000000000000 ) ) ;
#1926 = AXIS2_PLACEMENT_3D ( 'NONE', #850, #821, #1307 ) ;
#1927 = VECTOR ( 'NONE', #1321, 39.37007874015748143 ) ;
#1928 = ORIENTED_EDGE ( 'NONE', *, *, #305, .F. ) ;
#1929 = FACE_OUTER_BOUND ( 'NONE', #9, .T. ) ;
#1930 = FACE_OUTER_BOUND ( 'NONE', #1077, .T. ) ;
#1931 = DIRECTION ( 'NONE',  ( -1.000000000000000000, 0.000000000000000000, 0.000000000000000000 ) ) ;
#1932 = EDGE_CURVE ( 'NONE', #2046, #2280, #2057, .T. ) ;
#1933 = CARTESIAN_POINT ( 'NONE',  ( -1.625000000000000222, 0.2500000000000000000, -1.979999999999999316 ) ) ;
#1934 = EDGE_CURVE ( 'NONE', #2364, #2869, #338, .T. ) ;
#1935 = DIRECTION ( 'NONE',  ( 0.000000000000000000, 0.000000000000000000, 1.000000000000000000 ) ) ;
#1936 = AXIS2_PLACEMENT_3D ( 'NONE', #1770, #5, #463 ) ;
#1937 = ADVANCED_FACE ( 'NONE', ( #947 ), #1835, .T. ) ;
#1938 = VERTEX_POINT ( 'NONE', #2558 ) ;
#1939 = DIRECTION ( 'NONE',  ( -0.000000000000000000, 1.000000000000000000, -0.000000000000000000 ) ) ;
#1940 = ORIENTED_EDGE ( 'NONE', *, *, #1758, .T. ) ;
#1941 = CARTESIAN_POINT ( 'NONE',  ( 1.625000000000000666, 0.2300000000000000100, 1.020000000000000684 ) ) ;
#1942 = ADVANCED_FACE ( 'NONE', ( #2501 ), #2328, .F. ) ;
#1943 = CARTESIAN_POINT ( 'NONE',  ( -1.125000000000000444, 0.000000000000000000, 0.7500000000000003331 ) ) ;
#1944 = DIRECTION ( 'NONE',  ( -0.000000000000000000, -1.000000000000000000, -0.000000000000000000 ) ) ;
#1945 = DIRECTION ( 'NONE',  ( 0.000000000000000000, 0.000000000000000000, 1.000000000000000000 ) ) ;
#1946 = ADVANCED_FACE ( 'NONE', ( #973 ), #1198, .T. ) ;
#1947 = DIRECTION ( 'NONE',  ( -1.365923996832131609E-16, -0.000000000000000000, -1.000000000000000000 ) ) ;
#1948 = ORIENTED_EDGE ( 'NONE', *, *, #2385, .F. ) ;
#1949 = MANIFOLD_SOLID_BREP ( 'Outer Edge Softening', #2242 ) ;
#1950 = ORIENTED_EDGE ( 'NONE', *, *, #2224, .F. ) ;
#1951 = CARTESIAN_POINT ( 'NONE',  ( -1.125000000000000666, 0.2500000000000000000, -1.435749999999999638 ) ) ;
#1952 = ORIENTED_EDGE ( 'NONE', *, *, #1348, .T. ) ;
#1953 = ORIENTED_EDGE ( 'NONE', *, *, #2832, .T. ) ;
#1954 = CARTESIAN_POINT ( 'NONE',  ( -1.125000000000000666, 0.2500000000000000000, -1.499999999999999778 ) ) ;
#1955 = CIRCLE ( 'NONE', #704, 0.06425000000000027911 ) ;
#1956 = DIRECTION ( 'NONE',  ( 0.000000000000000000, 0.000000000000000000, 1.000000000000000000 ) ) ;
#1957 = DIRECTION ( 'NONE',  ( 0.000000000000000000, 0.000000000000000000, 1.000000000000000000 ) ) ;
#1958 = DIRECTION ( 'NONE',  ( -0.000000000000000000, 1.000000000000000000, -0.000000000000000000 ) ) ;
#1959 = DIRECTION ( 'NONE',  ( 0.000000000000000000, 0.000000000000000000, 1.000000000000000000 ) ) ;
#1960 = CARTESIAN_POINT ( 'NONE',  ( -1.125000000000000666, 0.2500000000000001110, -0.7499999999999997780 ) ) ;
#1961 = CIRCLE ( 'NONE', #1828, 0.02000000000000005940 ) ;
#1962 = ORIENTED_EDGE ( 'NONE', *, *, #212, .F. ) ;
#1963 = ORIENTED_EDGE ( 'NONE', *, *, #1443, .T. ) ;
#1964 = DIRECTION ( 'NONE',  ( -0.000000000000000000, 1.000000000000000000, -0.000000000000000000 ) ) ;
#1965 = ADVANCED_FACE ( 'NONE', ( #1658 ), #500, .F. ) ;
#1966 = ORIENTED_EDGE ( 'NONE', *, *, #1438, .T. ) ;
#1967 = VECTOR ( 'NONE', #158, 39.37007874015748143 ) ;
#1968 = ORIENTED_EDGE ( 'NONE', *, *, #1, .F. ) ;
#1969 = EDGE_CURVE ( 'NONE', #1746, #641, #711, .T. ) ;
#1970 = VECTOR ( 'NONE', #1808, 39.37007874015748854 ) ;
#1971 = DIRECTION ( 'NONE',  ( -0.000000000000000000, 1.000000000000000000, -0.000000000000000000 ) ) ;
#1972 = CIRCLE ( 'NONE', #956, 0.1093999999999996642 ) ;
#1973 = DIRECTION ( 'NONE',  ( -1.000000000000000000, 0.000000000000000000, 0.000000000000000000 ) ) ;
#1974 = AXIS2_PLACEMENT_3D ( 'NONE', #2170, #1707, #172 ) ;
#1975 = ADVANCED_FACE ( 'NONE', ( #1210 ), #2491, .T. ) ;
#1976 = DIRECTION ( 'NONE',  ( -0.000000000000000000, 1.000000000000000000, -0.000000000000000000 ) ) ;
#1977 = FACE_BOUND ( 'NONE', #970, .T. ) ;
#1978 = DIRECTION ( 'NONE',  ( -0.000000000000000000, 1.000000000000000000, -0.000000000000000000 ) ) ;
#1979 = VECTOR ( 'NONE', #2055, 39.37007874015748143 ) ;
#1980 = EDGE_LOOP ( 'NONE', ( #1858, #548, #1206 ) ) ;
#1981 = DIRECTION ( 'NONE',  ( 0.000000000000000000, 0.7071067811865464625, 0.7071067811865484609 ) ) ;
#1982 = ORIENTED_EDGE ( 'NONE', *, *, #387, .F. ) ;
#1983 = CARTESIAN_POINT ( 'NONE',  ( -1.125000000000000444, 0.2500000000000001110, 2.731847993664263218E-16 ) ) ;
#1984 = LINE ( 'NONE', #2872, #16 ) ;
#1985 = EDGE_LOOP ( 'NONE', ( #1950, #2546 ) ) ;
#1986 = ORIENTED_EDGE ( 'NONE', *, *, #1969, .F. ) ;
#1987 = ADVANCED_FACE ( 'NONE', ( #1865 ), #1642, .F. ) ;
#1988 = DIRECTION ( 'NONE',  ( 0.000000000000000000, 0.000000000000000000, 1.000000000000000000 ) ) ;
#1989 = VECTOR ( 'NONE', #2693, 39.37007874015748143 ) ;
#1990 = CC_DESIGN_PERSON_AND_ORGANIZATION_ASSIGNMENT ( #542, #1219, ( #893 ) ) ;
#1991 = DIRECTION ( 'NONE',  ( 0.000000000000000000, 1.000000000000000000, 0.000000000000000000 ) ) ;
#1992 = DIRECTION ( 'NONE',  ( -0.000000000000000000, 1.000000000000000000, -0.000000000000000000 ) ) ;
#1993 = FACE_OUTER_BOUND ( 'NONE', #2094, .T. ) ;
#1994 = LINE ( 'NONE', #2634, #818 ) ;
#1995 = VERTEX_POINT ( 'NONE', #1416 ) ;
#1996 = DIRECTION ( 'NONE',  ( 1.884033099078800778E-15, 0.000000000000000000, 1.000000000000000000 ) ) ;
#1997 = VERTEX_POINT ( 'NONE', #1224 ) ;
#1998 = FACE_OUTER_BOUND ( 'NONE', #982, .T. ) ;
#1999 = ORIENTED_EDGE ( 'NONE', *, *, #2757, .F. ) ;
#2000 = ORIENTED_EDGE ( 'NONE', *, *, #1969, .T. ) ;
#2001 = CARTESIAN_POINT ( 'NONE',  ( -0.3750000000000002220, 0.2500000000000000000, 1.435750000000000082 ) ) ;
#2002 = CARTESIAN_POINT ( 'NONE',  ( -1.125000000000000444, 0.1380000000000002058, 0.8594000000000001638 ) ) ;
#2003 = CARTESIAN_POINT ( 'NONE',  ( 0.3749999999999998335, 0.2500000000000000000, 1.609399999999999942 ) ) ;
#2004 = DIRECTION ( 'NONE',  ( 0.000000000000000000, -0.000000000000000000, -1.000000000000000000 ) ) ;
#2005 = AXIS2_PLACEMENT_3D ( 'NONE', #1671, #2619, #1722 ) ;
#2006 = ADVANCED_FACE ( 'NONE', ( #1626 ), #932, .F. ) ;
#2007 = VECTOR ( 'NONE', #2591, 39.37007874015748143 ) ;
#2008 = DIRECTION ( 'NONE',  ( -0.000000000000000000, 1.000000000000000000, 0.000000000000000000 ) ) ;
#2009 = ORIENTED_EDGE ( 'NONE', *, *, #637, .T. ) ;
#2010 = CARTESIAN_POINT ( 'NONE',  ( -1.125000000000000666, 0.1380000000000002058, -1.390600000000000280 ) ) ;
#2011 = CIRCLE ( 'NONE', #795, 0.06425000000000041789 ) ;
#2012 = ORIENTED_EDGE ( 'NONE', *, *, #2376, .T. ) ;
#2013 = AXIS2_PLACEMENT_3D ( 'NONE', #693, #3, #1338 ) ;
#2014 = ADVANCED_FACE ( 'NONE', ( #1819 ), #2714, .F. ) ;
#2015 = CYLINDRICAL_SURFACE ( 'NONE', #395, 0.1093999999999996642 ) ;
#2016 = VECTOR ( 'NONE', #1599, 39.37007874015748143 ) ;
#2017 = ORIENTED_EDGE ( 'NONE', *, *, #1257, .T. ) ;
#2018 = AXIS2_PLACEMENT_3D ( 'NONE', #558, #1197, #94 ) ;
#2019 = VERTEX_POINT ( 'NONE', #67 ) ;
#2020 = DIRECTION ( 'NONE',  ( 1.707404996040164166E-15, 0.000000000000000000, 1.000000000000000000 ) ) ;
#2021 = CIRCLE ( 'NONE', #157, 0.1344000000000000750 ) ;
#2022 = LINE ( 'NONE', #48, #2158 ) ;
#2023 = FACE_OUTER_BOUND ( 'NONE', #1125, .T. ) ;
#2024 = CARTESIAN_POINT ( 'NONE',  ( -1.125000000000000444, 0.2500000000000000000, 0.7500000000000003331 ) ) ;
#2025 = VECTOR ( 'NONE', #1202, 39.37007874015748143 ) ;
#2026 = DIRECTION ( 'NONE',  ( -0.000000000000000000, 1.000000000000000000, -0.000000000000000000 ) ) ;
#2027 = VECTOR ( 'NONE', #2392, 39.37007874015748143 ) ;
#2028 = AXIS2_PLACEMENT_3D ( 'NONE', #1841, #1881, #2299 ) ;
#2029 = CARTESIAN_POINT ( 'NONE',  ( 0.4843999999999996087, 0.1380000000000002058, 1.500000000000000444 ) ) ;
#2030 = EDGE_CURVE ( 'NONE', #1793, #1715, #314, .T. ) ;
#2031 = DIRECTION ( 'NONE',  ( 0.000000000000000000, 0.000000000000000000, 1.000000000000000000 ) ) ;
#2032 = ORIENTED_EDGE ( 'NONE', *, *, #1406, .T. ) ;
#2033 = DIRECTION ( 'NONE',  ( -0.000000000000000000, 1.000000000000000000, -0.000000000000000000 ) ) ;
#2034 = EDGE_LOOP ( 'NONE', ( #1226, #357 ) ) ;
#2035 = EDGE_CURVE ( 'NONE', #1637, #2786, #1187, .T. ) ;
#2036 = VERTEX_POINT ( 'NONE', #1492 ) ;
#2037 = CARTESIAN_POINT ( 'NONE',  ( -1.125000000000000666, 0.2500000000000000000, -0.8593999999999996087 ) ) ;
#2038 = LINE ( 'NONE', #1766, #1686 ) ;
#2039 = DIRECTION ( 'NONE',  ( 0.000000000000000000, 1.000000000000000000, -0.000000000000000000 ) ) ;
#2040 = FACE_BOUND ( 'NONE', #2084, .T. ) ;
#2041 = DIRECTION ( 'NONE',  ( 1.000000000000000000, 0.000000000000000000, 0.000000000000000000 ) ) ;
#2042 = EDGE_CURVE ( 'NONE', #1793, #1215, #2815, .T. ) ;
#2043 = CARTESIAN_POINT ( 'NONE',  ( -1.125000000000000666, 0.2500000000000000000, -1.609399999999999498 ) ) ;
#2044 = DIRECTION ( 'NONE',  ( 0.000000000000000000, 1.000000000000000000, -0.000000000000000000 ) ) ;
#2045 = DIRECTION ( 'NONE',  ( 0.000000000000000000, 0.000000000000000000, -1.000000000000000000 ) ) ;
#2046 = VERTEX_POINT ( 'NONE', #145 ) ;
#2047 = EDGE_CURVE ( 'NONE', #1602, #11, #669, .T. ) ;
#2048 = DIRECTION ( 'NONE',  ( -0.000000000000000000, 1.000000000000000000, -0.000000000000000000 ) ) ;
#2049 = ORIENTED_EDGE ( 'NONE', *, *, #2582, .T. ) ;
#2050 = VERTEX_POINT ( 'NONE', #2824 ) ;
#2051 = FACE_OUTER_BOUND ( 'NONE', #304, .T. ) ;
#2052 = CIRCLE ( 'NONE', #519, 0.06425000000000041789 ) ;
#2053 = DIRECTION ( 'NONE',  ( -1.365923996832131609E-16, 0.000000000000000000, -1.000000000000000000 ) ) ;
#2054 = DIRECTION ( 'NONE',  ( -1.000000000000000000, 0.000000000000000000, 9.106159978880878627E-17 ) ) ;
#2055 = DIRECTION ( 'NONE',  ( -0.000000000000000000, 1.000000000000000000, -0.000000000000000000 ) ) ;
#2056 = DIRECTION ( 'NONE',  ( 0.000000000000000000, 0.000000000000000000, 1.000000000000000000 ) ) ;
#2057 = LINE ( 'NONE', #2771, #2540 ) ;
#2058 = CARTESIAN_POINT ( 'NONE',  ( 1.624999999999999778, 0.01999999999999999001, -1.979999999999999316 ) ) ;
#2059 = ORIENTED_EDGE ( 'NONE', *, *, #2086, .F. ) ;
#2060 = ORIENTED_EDGE ( 'NONE', *, *, #692, .T. ) ;
#2061 = ORIENTED_EDGE ( 'NONE', *, *, #2063, .F. ) ;
#2062 = EDGE_LOOP ( 'NONE', ( #1395, #2272 ) ) ;
#2063 = EDGE_CURVE ( 'NONE', #2019, #1341, #1733, .T. ) ;
#2064 = CIRCLE ( 'NONE', #2535, 0.1250000000000000278 ) ;
#2065 = CARTESIAN_POINT ( 'NONE',  ( -0.3750000000000002220, 0.2500000000000000000, 1.609399999999999942 ) ) ;
#2066 = ORIENTED_EDGE ( 'NONE', *, *, #1371, .T. ) ;
#2067 = DIRECTION ( 'NONE',  ( -0.000000000000000000, 1.000000000000000000, -0.000000000000000000 ) ) ;
#2068 = ADVANCED_FACE ( 'NONE', ( #1930 ), #2584, .F. ) ;
#2069 = CIRCLE ( 'NONE', #2114, 0.1093999999999997891 ) ;
#2070 = FACE_OUTER_BOUND ( 'NONE', #2096, .T. ) ;
#2071 = CARTESIAN_POINT ( 'NONE',  ( 1.604999999999999982, 0.1250000000000000000, -2.192308014915571159E-16 ) ) ;
#2072 = EDGE_CURVE ( 'NONE', #1049, #168, #2313, .T. ) ;
#2073 = VECTOR ( 'NONE', #2543, 39.37007874015748854 ) ;
#2074 = CIRCLE ( 'NONE', #1553, 0.06425000000000027911 ) ;
#2075 = DIRECTION ( 'NONE',  ( 1.000000000000000000, 0.000000000000000000, 0.000000000000000000 ) ) ;
#2076 = AXIS2_PLACEMENT_3D ( 'NONE', #915, #433, #2696 ) ;
#2077 = FACE_OUTER_BOUND ( 'NONE', #1121, .T. ) ;
#2078 = EDGE_LOOP ( 'NONE', ( #191, #521, #2507, #1528 ) ) ;
#2079 = DIRECTION ( 'NONE',  ( 1.000000000000000000, 0.000000000000000000, 0.000000000000000000 ) ) ;
#2080 = VERTEX_POINT ( 'NONE', #618 ) ;
#2081 = AXIS2_PLACEMENT_3D ( 'NONE', #1954, #414, #1988 ) ;
#2082 = ORIENTED_EDGE ( 'NONE', *, *, #2832, .F. ) ;
#2083 = CYLINDRICAL_SURFACE ( 'NONE', #143, 0.1093999999999997891 ) ;
#2084 = EDGE_LOOP ( 'NONE', ( #1821, #2012 ) ) ;
#2085 = APPROVAL_STATUS ( 'not_yet_approved' ) ;
#2086 = EDGE_CURVE ( 'NONE', #332, #2191, #1039, .T. ) ;
#2087 = AXIS2_PLACEMENT_3D ( 'NONE', #2241, #2451, #1804 ) ;
#2088 = DIRECTION ( 'NONE',  ( 0.000000000000000000, 0.000000000000000000, 1.000000000000000000 ) ) ;
#2089 = CARTESIAN_POINT ( 'NONE',  ( 0.3749999999999998335, 0.2500000000000000000, 1.500000000000000444 ) ) ;
#2090 = DIRECTION ( 'NONE',  ( -0.7882269819968920066, 4.202843067175793268E-15, 0.6153846153846156408 ) ) ;
#2091 = VERTEX_POINT ( 'NONE', #2595 ) ;
#2092 = CARTESIAN_POINT ( 'NONE',  ( 1.625000000000000222, 0.1050000000000000100, 1.020000000000000684 ) ) ;
#2093 = ORIENTED_EDGE ( 'NONE', *, *, #215, .T. ) ;
#2094 = EDGE_LOOP ( 'NONE', ( #2375, #2105, #2469, #2143, #1772, #2403 ) ) ;
#2095 = FACE_BOUND ( 'NONE', #2034, .T. ) ;
#2096 = EDGE_LOOP ( 'NONE', ( #2458, #510, #1489, #2548 ) ) ;
#2097 = COORDINATED_UNIVERSAL_TIME_OFFSET ( 0, 0, .AHEAD. ) ;
#2098 = CARTESIAN_POINT ( 'NONE',  ( -1.125000000000000666, 0.2500000000000000000, -1.499999999999999778 ) ) ;
#2099 = DIRECTION ( 'NONE',  ( -0.000000000000000000, 1.000000000000000000, -0.000000000000000000 ) ) ;
#2100 = CARTESIAN_POINT ( 'NONE',  ( 1.124999999999999778, 0.1380000000000002058, 1.500000000000000444 ) ) ;
#2101 = EDGE_CURVE ( 'NONE', #2786, #702, #353, .T. ) ;
#2102 = EDGE_LOOP ( 'NONE', ( #1982, #1480, #1572, #2093 ) ) ;
#2103 = EDGE_CURVE ( 'NONE', #2177, #55, #1961, .T. ) ;
#2104 = DIRECTION ( 'NONE',  ( -0.000000000000000000, 1.000000000000000000, -0.000000000000000000 ) ) ;
#2105 = ORIENTED_EDGE ( 'NONE', *, *, #781, .T. ) ;
#2106 = VECTOR ( 'NONE', #1466, 39.37007874015748143 ) ;
#2107 = EDGE_CURVE ( 'NONE', #903, #113, #2617, .T. ) ;
#2108 = ORIENTED_EDGE ( 'NONE', *, *, #1209, .T. ) ;
#2109 = CARTESIAN_POINT ( 'NONE',  ( -0.3750000000000002220, 0.2500000000000001110, 1.365600000000000369 ) ) ;
#2110 = ORIENTED_EDGE ( 'NONE', *, *, #1130, .F. ) ;
#2111 = PERSON_AND_ORGANIZATION ( #2636, #2808 ) ;
#2112 = CARTESIAN_POINT ( 'NONE',  ( 1.625000000000000222, 0.1050000000000000100, 1.020000000000000684 ) ) ;
#2113 = CIRCLE ( 'NONE', #26, 0.1093999999999996642 ) ;
#2114 = AXIS2_PLACEMENT_3D ( 'NONE', #2448, #2067, #890 ) ;
#2115 = DIRECTION ( 'NONE',  ( 0.000000000000000000, 0.000000000000000000, 1.000000000000000000 ) ) ;
#2116 = DIRECTION ( 'NONE',  ( 0.000000000000000000, 0.000000000000000000, 1.000000000000000000 ) ) ;
#2117 = ORIENTED_EDGE ( 'NONE', *, *, #954, .T. ) ;
#2118 = AXIS2_PLACEMENT_3D ( 'NONE', #668, #1090, #1556 ) ;
#2119 = DIRECTION ( 'NONE',  ( 0.000000000000000000, -0.000000000000000000, -1.000000000000000000 ) ) ;
#2120 = CC_DESIGN_PERSON_AND_ORGANIZATION_ASSIGNMENT ( #2751, #1411, ( #486 ) ) ;
#2121 = CIRCLE ( 'NONE', #2588, 0.01999999999999999001 ) ;
#2122 = CIRCLE ( 'NONE', #1043, 0.02000000000000005940 ) ;
#2123 = VERTEX_POINT ( 'NONE', #782 ) ;
#2124 = DIRECTION ( 'NONE',  ( 0.000000000000000000, 0.000000000000000000, 1.000000000000000000 ) ) ;
#2125 = EDGE_CURVE ( 'NONE', #91, #1759, #2350, .T. ) ;
#2126 = ORIENTED_EDGE ( 'NONE', *, *, #229, .T. ) ;
#2127 = DIRECTION ( 'NONE',  ( 0.000000000000000000, 0.7071067811865464625, 0.7071067811865484609 ) ) ;
#2128 = CARTESIAN_POINT ( 'NONE',  ( 1.604999999999999982, 0.000000000000000000, -2.192308014915571159E-16 ) ) ;
#2129 = DIRECTION ( 'NONE',  ( 0.000000000000000000, 0.000000000000000000, -1.000000000000000000 ) ) ;
#2130 = CARTESIAN_POINT ( 'NONE',  ( -1.605000000000000204, 0.2300000000000000100, -1.979999999999999316 ) ) ;
#2131 = DIRECTION ( 'NONE',  ( 1.000000000000000000, 0.000000000000000000, -0.000000000000000000 ) ) ;
#2132 = AXIS2_PLACEMENT_3D ( 'NONE', #1564, #1971, #690 ) ;
#2133 = ORIENTED_EDGE ( 'NONE', *, *, #2846, .F. ) ;
#2134 = ORIENTED_EDGE ( 'NONE', *, *, #156, .F. ) ;
#2135 = DIRECTION ( 'NONE',  ( -1.000000000000000000, 0.000000000000000000, 0.000000000000000000 ) ) ;
#2136 = ADVANCED_FACE ( 'NONE', ( #2152 ), #1362, .F. ) ;
#2137 = VERTEX_POINT ( 'NONE', #1472 ) ;
#2138 = CYLINDRICAL_SURFACE ( 'NONE', #1269, 0.1093999999999996642 ) ;
#2139 = CARTESIAN_POINT ( 'NONE',  ( 1.124999999999999778, 0.000000000000000000, 1.500000000000000444 ) ) ;
#2140 = DIRECTION ( 'NONE',  ( 0.000000000000000000, 0.000000000000000000, 1.000000000000000000 ) ) ;
#2141 = CARTESIAN_POINT ( 'NONE',  ( -0.3750000000000002220, 0.2250000000000000611, 1.500000000000000444 ) ) ;
#2142 = CARTESIAN_POINT ( 'NONE',  ( -0.6250000000000000000, 0.1250000000000000000, 1.000000000000000000 ) ) ;
#2143 = ORIENTED_EDGE ( 'NONE', *, *, #2846, .T. ) ;
#2144 = ORIENTED_EDGE ( 'NONE', *, *, #520, .F. ) ;
#2145 = CARTESIAN_POINT ( 'NONE',  ( 1.604999999999999982, 0.2300000000000000100, -2.192308014915571159E-16 ) ) ;
#2146 = ORIENTED_EDGE ( 'NONE', *, *, #1712, .F. ) ;
#2147 = ADVANCED_FACE ( 'NONE', ( #1706 ), #1680, .F. ) ;
#2148 = CIRCLE ( 'NONE', #2801, 0.1093999999999997891 ) ;
#2149 = ADVANCED_FACE ( 'NONE', ( #1292 ), #1004, .T. ) ;
#2150 = LINE ( 'NONE', #415, #617 ) ;
#2151 = VECTOR ( 'NONE', #17, 39.37007874015748143 ) ;
#2152 = FACE_OUTER_BOUND ( 'NONE', #1873, .T. ) ;
#2153 = CARTESIAN_POINT ( 'NONE',  ( -1.125000000000000666, 0.000000000000000000, -1.499999999999999778 ) ) ;
#2154 = AXIS2_PLACEMENT_3D ( 'NONE', #1199, #2528, #2129 ) ;
#2155 = DIRECTION ( 'NONE',  ( -0.000000000000000000, 1.000000000000000000, -0.000000000000000000 ) ) ;
#2156 = CONICAL_SURFACE ( 'NONE', #892, 0.1343999999999999362, 0.7853981633974497223 ) ;
#2157 = EDGE_CURVE ( 'NONE', #566, #2137, #2353, .T. ) ;
#2158 = VECTOR ( 'NONE', #2511, 39.37007874015748143 ) ;
#2159 = DIRECTION ( 'NONE',  ( 0.000000000000000000, 0.7071067811865464625, 0.7071067811865484609 ) ) ;
#2160 = CIRCLE ( 'NONE', #2396, 0.1093999999999997891 ) ;
#2161 = ORIENTED_EDGE ( 'NONE', *, *, #517, .T. ) ;
#2162 = AXIS2_PLACEMENT_3D ( 'NONE', #482, #454, #2031 ) ;
#2163 = DIRECTION ( 'NONE',  ( 0.000000000000000000, 0.000000000000000000, 1.000000000000000000 ) ) ;
#2164 = AXIS2_PLACEMENT_3D ( 'NONE', #793, #586, #2140 ) ;
#2165 = AXIS2_PLACEMENT_3D ( 'NONE', #2734, #2519, #112 ) ;
#2166 = ORIENTED_EDGE ( 'NONE', *, *, #420, .F. ) ;
#2167 = CYLINDRICAL_SURFACE ( 'NONE', #1731, 0.1093999999999997891 ) ;
#2168 = EDGE_CURVE ( 'NONE', #2777, #1060, #575, .T. ) ;
#2169 = CARTESIAN_POINT ( 'NONE',  ( -1.605000000000000204, 0.01999999999999999001, -1.999999999999999334 ) ) ;
#2170 = CARTESIAN_POINT ( 'NONE',  ( -1.125000000000000222, 0.1380000000000002058, 1.500000000000000444 ) ) ;
#2171 = CARTESIAN_POINT ( 'NONE',  ( -0.6250000000000003331, 0.2300000000000000100, -1.999999999999999334 ) ) ;
#2172 = DIRECTION ( 'NONE',  ( 0.000000000000000000, 0.000000000000000000, 1.000000000000000000 ) ) ;
#2173 = AXIS2_PLACEMENT_3D ( 'NONE', #1340, #916, #235 ) ;
#2174 = ORIENTED_EDGE ( 'NONE', *, *, #1855, .F. ) ;
#2175 = DIRECTION ( 'NONE',  ( 0.000000000000000000, 0.000000000000000000, 1.000000000000000000 ) ) ;
#2176 = ORIENTED_EDGE ( 'NONE', *, *, #2101, .F. ) ;
#2177 = VERTEX_POINT ( 'NONE', #2169 ) ;
#2178 = DIRECTION ( 'NONE',  ( 0.000000000000000000, 1.000000000000000000, 0.000000000000000000 ) ) ;
#2179 = CARTESIAN_POINT ( 'NONE',  ( -1.125000000000000666, 0.2500000000000000000, -0.7499999999999997780 ) ) ;
#2180 = CYLINDRICAL_SURFACE ( 'NONE', #531, 0.06425000000000014033 ) ;
#2181 = DIRECTION ( 'NONE',  ( -0.000000000000000000, 1.000000000000000000, -0.000000000000000000 ) ) ;
#2182 = DIRECTION ( 'NONE',  ( -0.000000000000000000, 1.000000000000000000, -0.000000000000000000 ) ) ;
#2183 = ADVANCED_FACE ( 'NONE', ( #2023 ), #2180, .F. ) ;
#2184 = CARTESIAN_POINT ( 'NONE',  ( 1.124999999999999778, 0.000000000000000000, 1.500000000000000444 ) ) ;
#2185 = VECTOR ( 'NONE', #2447, 39.37007874015748854 ) ;
#2186 = ORIENTED_EDGE ( 'NONE', *, *, #2757, .T. ) ;
#2187 = CARTESIAN_POINT ( 'NONE',  ( -1.125000000000000444, 0.1380000000000002058, 0.06425000000000068157 ) ) ;
#2188 = EDGE_CURVE ( 'NONE', #361, #1811, #2485, .T. ) ;
#2189 = ORIENTED_EDGE ( 'NONE', *, *, #2759, .F. ) ;
#2190 = DIRECTION ( 'NONE',  ( -0.000000000000000000, 1.000000000000000000, -0.000000000000000000 ) ) ;
#2191 = VERTEX_POINT ( 'NONE', #2645 ) ;
#2192 = EDGE_CURVE ( 'NONE', #1333, #2285, #1540, .T. ) ;
#2193 = ORIENTED_EDGE ( 'NONE', *, *, #1723, .T. ) ;
#2194 = CYLINDRICAL_SURFACE ( 'NONE', #2081, 0.1093999999999996642 ) ;
#2195 = VECTOR ( 'NONE', #2155, 39.37007874015748143 ) ;
#2196 = LINE ( 'NONE', #2632, #899 ) ;
#2197 = CARTESIAN_POINT ( 'NONE',  ( -1.125000000000000444, 0.2500000000000000000, 0.7500000000000003331 ) ) ;
#2198 = DIRECTION ( 'NONE',  ( 0.000000000000000000, -0.000000000000000000, -1.000000000000000000 ) ) ;
#2199 = FACE_OUTER_BOUND ( 'NONE', #1871, .T. ) ;
#2200 = DIRECTION ( 'NONE',  ( 0.000000000000000000, 0.000000000000000000, 1.000000000000000000 ) ) ;
#2201 = VECTOR ( 'NONE', #1720, 39.37007874015748143 ) ;
#2202 = ORIENTED_EDGE ( 'NONE', *, *, #917, .F. ) ;
#2203 = LOCAL_TIME ( 16, 41, 20.00000000000000000, #119 ) ;
#2204 = DIRECTION ( 'NONE',  ( -0.000000000000000000, 1.000000000000000000, -0.000000000000000000 ) ) ;
#2205 = CARTESIAN_POINT ( 'NONE',  ( 1.605000000000000204, 0.2500000000000000000, 1.000000000000000444 ) ) ;
#2206 = ORIENTED_EDGE ( 'NONE', *, *, #1519, .T. ) ;
#2207 = AXIS2_PLACEMENT_3D ( 'NONE', #2834, #1482, #2782 ) ;
#2208 = ORIENTED_EDGE ( 'NONE', *, *, #975, .T. ) ;
#2209 = CIRCLE ( 'NONE', #953, 0.06425000000000000155 ) ;
#2210 = DIRECTION ( 'NONE',  ( 0.000000000000000000, -0.000000000000000000, -1.000000000000000000 ) ) ;
#2211 = EDGE_CURVE ( 'NONE', #214, #77, #2615, .T. ) ;
#2212 = AXIS2_PLACEMENT_3D ( 'NONE', #589, #2358, #796 ) ;
#2213 = CARTESIAN_POINT ( 'NONE',  ( -1.125000000000000444, 0.2250000000000000611, 0.1094000000000000666 ) ) ;
#2214 = CARTESIAN_POINT ( 'NONE',  ( 1.605000000000000204, 0.2500000000000000000, 1.020000000000000684 ) ) ;
#2215 = DIRECTION ( 'NONE',  ( 0.000000000000000000, -1.000000000000000000, 0.000000000000000000 ) ) ;
#2216 = CARTESIAN_POINT ( 'NONE',  ( -0.5264716272503886518, 0.1250000000000000000, 1.076923076923077094 ) ) ;
#2217 = CIRCLE ( 'NONE', #960, 0.1250000000000000278 ) ;
#2218 = ORIENTED_EDGE ( 'NONE', *, *, #588, .F. ) ;
#2219 = LINE ( 'NONE', #1310, #438 ) ;
#2220 = VERTEX_POINT ( 'NONE', #2227 ) ;
#2221 = CARTESIAN_POINT ( 'NONE',  ( -1.125000000000000444, 0.2500000000000001110, -0.1343999999999996586 ) ) ;
#2222 = ORIENTED_EDGE ( 'NONE', *, *, #1007, .F. ) ;
#2223 = ORIENTED_EDGE ( 'NONE', *, *, #824, .F. ) ;
#2224 = EDGE_CURVE ( 'NONE', #255, #641, #945, .T. ) ;
#2225 = CARTESIAN_POINT ( 'NONE',  ( -0.8250000000000000666, 0.1250000000000000000, 0.7438262308510099619 ) ) ;
#2226 = LINE ( 'NONE', #232, #1186 ) ;
#2227 = CARTESIAN_POINT ( 'NONE',  ( -1.125000000000000666, 0.1380000000000002058, -0.8593999999999996087 ) ) ;
#2228 = FACE_OUTER_BOUND ( 'NONE', #2330, .T. ) ;
#2229 = DIRECTION ( 'NONE',  ( 0.000000000000000000, 0.000000000000000000, 1.000000000000000000 ) ) ;
#2230 = ORIENTED_EDGE ( 'NONE', *, *, #1730, .T. ) ;
#2231 = FACE_OUTER_BOUND ( 'NONE', #2232, .T. ) ;
#2232 = EDGE_LOOP ( 'NONE', ( #2800, #1008, #744, #1315 ) ) ;
#2233 = LINE ( 'NONE', #1777, #2817 ) ;
#2234 = ORIENTED_EDGE ( 'NONE', *, *, #493, .F. ) ;
#2235 = ORIENTED_EDGE ( 'NONE', *, *, #41, .T. ) ;
#2236 = DIRECTION ( 'NONE',  ( -9.106159978880878627E-17, 0.000000000000000000, -1.000000000000000000 ) ) ;
#2237 = CARTESIAN_POINT ( 'NONE',  ( -1.125000000000000666, 0.2250000000000000611, -0.7499999999999997780 ) ) ;
#2238 = EDGE_CURVE ( 'NONE', #11, #213, #663, .T. ) ;
#2239 = DIRECTION ( 'NONE',  ( 1.000000000000000000, 0.000000000000000000, 0.000000000000000000 ) ) ;
#2240 = DIRECTION ( 'NONE',  ( 0.000000000000000000, -1.000000000000000000, 0.000000000000000000 ) ) ;
#2241 = CARTESIAN_POINT ( 'NONE',  ( -1.125000000000000222, 0.000000000000000000, 1.500000000000000444 ) ) ;
#2242 = CLOSED_SHELL ( 'NONE', ( #1975, #1667, #2068, #1896, #2284, #346, #2557, #910, #2136, #1376, #384, #43, #689, #1965, #2463, #612, #2183, #1559, #1213, #1684, #1710, #1298, #1220, #1615, #403, #2532, #2684, #1312, #2014, #1794, #573, #1280, #1800, #1576, #2147, #1426, #360, #1156, #2609, #498, #2373, #1826, #2006, #2585, #1303, #536, #2616, #2589, #1058, #441, #631, #47, #1942, #2425, #485, #2343, #1987, #1539, #340, #2282, #2254, #2550, #2505, #946, #2457, #1337, #1279, #1061, #791, #1849, #1042, #324, #1937, #556, #2149, #1510, #847, #1771, #257, #1503, #842, #2383, #2765, #288, #342, #1223, #991, #2326, #466, #2664, #1447, #725, #941, #1243, #1946, #253, #2246, #731, #1134, #839, #2708 ) ) ;
#2243 = AXIS2_PLACEMENT_3D ( 'NONE', #1634, #2536, #1872 ) ;
#2244 = FACE_OUTER_BOUND ( 'NONE', #397, .T. ) ;
#2245 = FACE_BOUND ( 'NONE', #2716, .T. ) ;
#2246 = ADVANCED_FACE ( 'NONE', ( #1577 ), #1753, .T. ) ;
#2247 = EDGE_LOOP ( 'NONE', ( #470, #2592, #2235, #2060 ) ) ;
#2248 = VECTOR ( 'NONE', #1904, 39.37007874015748143 ) ;
#2249 = DIRECTION ( 'NONE',  ( 0.000000000000000000, 0.000000000000000000, 1.000000000000000000 ) ) ;
#2250 = ORIENTED_EDGE ( 'NONE', *, *, #2688, .T. ) ;
#2251 = CONICAL_SURFACE ( 'NONE', #1641, 0.1343999999999999362, 0.7853981633974497223 ) ;
#2252 = CC_DESIGN_APPROVAL ( #2339, ( #486 ) ) ;
#2253 = ORIENTED_EDGE ( 'NONE', *, *, #1581, .T. ) ;
#2254 = ADVANCED_FACE ( 'NONE', ( #220 ), #1785, .F. ) ;
#2255 = CARTESIAN_POINT ( 'NONE',  ( -0.3750000000000002220, 0.000000000000000000, 1.564250000000000362 ) ) ;
#2256 = AXIS2_PLACEMENT_3D ( 'NONE', #2404, #1277, #604 ) ;
#2257 = AXIS2_PLACEMENT_3D ( 'NONE', #2699, #1342, #1996 ) ;
#2258 =( NAMED_UNIT ( * ) SI_UNIT ( $, .STERADIAN. ) SOLID_ANGLE_UNIT ( ) );
#2259 = DIRECTION ( 'NONE',  ( 0.000000000000000000, 0.000000000000000000, 1.000000000000000000 ) ) ;
#2260 = FACE_OUTER_BOUND ( 'NONE', #1212, .T. ) ;
#2261 = AXIS2_PLACEMENT_3D ( 'NONE', #1757, #870, #205 ) ;
#2262 = DIRECTION ( 'NONE',  ( 0.000000000000000000, 0.000000000000000000, 1.000000000000000000 ) ) ;
#2263 = EDGE_CURVE ( 'NONE', #1512, #410, #1565, .T. ) ;
#2264 = AXIS2_PLACEMENT_3D ( 'NONE', #2153, #159, #391 ) ;
#2265 = CARTESIAN_POINT ( 'NONE',  ( 1.124999999999999778, 0.1380000000000002058, 1.390600000000000502 ) ) ;
#2266 = CYLINDRICAL_SURFACE ( 'NONE', #714, 0.1093999999999996642 ) ;
#2267 = CARTESIAN_POINT ( 'NONE',  ( 1.625000000000000666, 0.1250000000000000000, 1.000000000000000444 ) ) ;
#2268 = EDGE_LOOP ( 'NONE', ( #1571, #2223, #1203, #2270 ) ) ;
#2269 = DIRECTION ( 'NONE',  ( -0.000000000000000000, 1.000000000000000000, -0.000000000000000000 ) ) ;
#2270 = ORIENTED_EDGE ( 'NONE', *, *, #420, .T. ) ;
#2271 = ORIENTED_EDGE ( 'NONE', *, *, #2, .F. ) ;
#2272 = ORIENTED_EDGE ( 'NONE', *, *, #2705, .F. ) ;
#2273 = CARTESIAN_POINT ( 'NONE',  ( -1.125000000000000222, 0.2500000000000000000, 1.435750000000000082 ) ) ;
#2274 =( CONVERSION_BASED_UNIT ( 'INCH', #1593 ) LENGTH_UNIT ( ) NAMED_UNIT ( #1330 ) );
#2275 = CARTESIAN_POINT ( 'NONE',  ( 0.3749999999999998335, 0.000000000000000000, 1.435750000000000304 ) ) ;
#2276 = CARTESIAN_POINT ( 'NONE',  ( -0.3750000000000002220, 0.2500000000000001110, 1.500000000000000444 ) ) ;
#2277 = CARTESIAN_POINT ( 'NONE',  ( -0.6250000000000000000, 0.1250000000000000000, 1.125000000000000000 ) ) ;
#2278 = DIRECTION ( 'NONE',  ( 0.000000000000000000, 0.000000000000000000, -1.000000000000000000 ) ) ;
#2279 = CARTESIAN_POINT ( 'NONE',  ( -1.624999999999999778, 0.01999999999999999001, 2.000000000000000444 ) ) ;
#2280 = VERTEX_POINT ( 'NONE', #2681 ) ;
#2281 = ORIENTED_EDGE ( 'NONE', *, *, #2157, .T. ) ;
#2282 = ADVANCED_FACE ( 'NONE', ( #1739 ), #1412, .F. ) ;
#2283 = CARTESIAN_POINT ( 'NONE',  ( -1.125000000000000444, 0.2500000000000001110, 2.731847993664263218E-16 ) ) ;
#2284 = ADVANCED_FACE ( 'NONE', ( #233 ), #2633, .F. ) ;
#2285 = VERTEX_POINT ( 'NONE', #2449 ) ;
#2286 = ORIENTED_EDGE ( 'NONE', *, *, #2674, .T. ) ;
#2287 = FACE_BOUND ( 'NONE', #237, .T. ) ;
#2288 = EDGE_CURVE ( 'NONE', #1526, #666, #1078, .T. ) ;
#2289 = AXIS2_PLACEMENT_3D ( 'NONE', #509, #1174, #90 ) ;
#2290 = ORIENTED_EDGE ( 'NONE', *, *, #632, .F. ) ;
#2291 = CARTESIAN_POINT ( 'NONE',  ( -1.604999999999999982, 0.2300000000000000100, 2.192308014915571159E-16 ) ) ;
#2292 = CARTESIAN_POINT ( 'NONE',  ( -1.125000000000000444, 0.2500000000000000000, 0.06425000000000048728 ) ) ;
#2293 = FACE_BOUND ( 'NONE', #949, .T. ) ;
#2294 = CARTESIAN_POINT ( 'NONE',  ( 1.605000000000000204, 0.2300000000000000100, 1.980000000000000426 ) ) ;
#2295 = EDGE_CURVE ( 'NONE', #2322, #2786, #1776, .T. ) ;
#2296 = CARTESIAN_POINT ( 'NONE',  ( 0.3749999999999998335, 0.2500000000000001110, 1.365600000000000369 ) ) ;
#2297 = ORIENTED_EDGE ( 'NONE', *, *, #1097, .F. ) ;
#2298 = AXIS2_PLACEMENT_3D ( 'NONE', #1314, #1076, #653 ) ;
#2299 = DIRECTION ( 'NONE',  ( -1.000000000000000000, 0.000000000000000000, 0.000000000000000000 ) ) ;
#2300 = EDGE_CURVE ( 'NONE', #2080, #1435, #1114, .T. ) ;
#2301 = ORIENTED_EDGE ( 'NONE', *, *, #1601, .F. ) ;
#2302 = EDGE_CURVE ( 'NONE', #1435, #755, #1592, .T. ) ;
#2303 = AXIS2_PLACEMENT_3D ( 'NONE', #1297, #2685, #52 ) ;
#2304 = VERTEX_POINT ( 'NONE', #477 ) ;
#2305 = AXIS2_PLACEMENT_3D ( 'NONE', #2354, #2316, #772 ) ;
#2306 = DIRECTION ( 'NONE',  ( 0.000000000000000000, 0.000000000000000000, -1.000000000000000000 ) ) ;
#2307 = AXIS2_PLACEMENT_3D ( 'NONE', #2499, #2741, #499 ) ;
#2308 = LOCAL_TIME ( 16, 41, 20.00000000000000000, #362 ) ;
#2309 = ORIENTED_EDGE ( 'NONE', *, *, #1029, .T. ) ;
#2310 = DATE_TIME_ROLE ( 'classification_date' ) ;
#2311 = AXIS2_PLACEMENT_3D ( 'NONE', #643, #218, #2418 ) ;
#2312 = DIRECTION ( 'NONE',  ( -0.000000000000000000, 1.000000000000000000, -0.000000000000000000 ) ) ;
#2313 = CIRCLE ( 'NONE', #1275, 0.06425000000000000155 ) ;
#2314 = CARTESIAN_POINT ( 'NONE',  ( -1.125000000000000444, 0.2500000000000000000, -0.06424999999999993217 ) ) ;
#2315 = AXIS2_PLACEMENT_3D ( 'NONE', #1760, #2701, #2471 ) ;
#2316 = DIRECTION ( 'NONE',  ( 0.000000000000000000, 1.000000000000000000, 0.000000000000000000 ) ) ;
#2317 = EDGE_LOOP ( 'NONE', ( #1062, #1912, #347 ) ) ;
#2318 = CARTESIAN_POINT ( 'NONE',  ( 0.3749999999999998335, 0.2500000000000000000, 1.390600000000000724 ) ) ;
#2319 = ORIENTED_EDGE ( 'NONE', *, *, #603, .T. ) ;
#2320 = ORIENTED_EDGE ( 'NONE', *, *, #2047, .F. ) ;
#2321 = FACE_BOUND ( 'NONE', #1985, .T. ) ;
#2322 = VERTEX_POINT ( 'NONE', #417 ) ;
#2323 = COORDINATED_UNIVERSAL_TIME_OFFSET ( 0, 0, .AHEAD. ) ;
#2324 = EDGE_CURVE ( 'NONE', #920, #2529, #1306, .T. ) ;
#2325 = AXIS2_PLACEMENT_3D ( 'NONE', #2697, #249, #2466 ) ;
#2326 = ADVANCED_FACE ( 'NONE', ( #2864 ), #49, .T. ) ;
#2327 = DIRECTION ( 'NONE',  ( 0.6153846153846181943, 2.101421533587905312E-15, -0.7882269819968900082 ) ) ;
#2328 = CYLINDRICAL_SURFACE ( 'NONE', #2722, 0.06425000000000027911 ) ;
#2329 = CARTESIAN_POINT ( 'NONE',  ( 0.3749999999999998335, 0.2500000000000000000, 1.435750000000000082 ) ) ;
#2330 = EDGE_LOOP ( 'NONE', ( #150, #1734, #875, #1497 ) ) ;
#2331 = EDGE_CURVE ( 'NONE', #2520, #1715, #114, .T. ) ;
#2332 = LINE ( 'NONE', #2561, #2495 ) ;
#2333 = VERTEX_POINT ( 'NONE', #897 ) ;
#2334 = ORIENTED_EDGE ( 'NONE', *, *, #1120, .T. ) ;
#2335 = CARTESIAN_POINT ( 'NONE',  ( 0.000000000000000000, 0.2300000000000000100, 1.980000000000000426 ) ) ;
#2336 = EDGE_LOOP ( 'NONE', ( #1410, #2108, #2452, #1999 ) ) ;
#2337 = APPROVAL_ROLE ( '' ) ;
#2338 = DIRECTION ( 'NONE',  ( 0.000000000000000000, 0.000000000000000000, 1.000000000000000000 ) ) ;
#2339 = APPROVAL ( #2365, 'UNSPECIFIED' ) ;
#2340 = CARTESIAN_POINT ( 'NONE',  ( -1.125000000000000444, 0.2500000000000000000, 2.731847993664263218E-16 ) ) ;
#2341 = LINE ( 'NONE', #1458, #2435 ) ;
#2342 = VERTEX_POINT ( 'NONE', #1580 ) ;
#2343 = ADVANCED_FACE ( 'NONE', ( #681 ), #298, .F. ) ;
#2344 = SPHERICAL_SURFACE ( 'NONE', #2028, 0.02000000000000000042 ) ;
#2345 = VECTOR ( 'NONE', #406, 39.37007874015748854 ) ;
#2346 = ORIENTED_EDGE ( 'NONE', *, *, #2713, .F. ) ;
#2347 = ORIENTED_EDGE ( 'NONE', *, *, #93, .F. ) ;
#2348 = DIRECTION ( 'NONE',  ( -0.000000000000000000, 1.000000000000000000, -0.000000000000000000 ) ) ;
#2349 = EDGE_LOOP ( 'NONE', ( #1756, #101, #1267, #1095 ) ) ;
#2350 = CIRCLE ( 'NONE', #1227, 0.1344000000000000750 ) ;
#2351 = CARTESIAN_POINT ( 'NONE',  ( 0.3749999999999998335, 0.1380000000000002058, 1.500000000000000444 ) ) ;
#2352 = EDGE_CURVE ( 'NONE', #12, #1333, #1353, .T. ) ;
#2353 = LINE ( 'NONE', #2128, #2248 ) ;
#2354 = CARTESIAN_POINT ( 'NONE',  ( -0.8250000000000000666, 0.2300000000000000100, 0.7438262308510099619 ) ) ;
#2355 = CARTESIAN_POINT ( 'NONE',  ( 1.124999999999999778, 0.2500000000000001110, 1.500000000000000444 ) ) ;
#2356 = AXIS2_PLACEMENT_3D ( 'NONE', #753, #1878, #2516 ) ;
#2357 = AXIS2_PLACEMENT_3D ( 'NONE', #63, #278, #1163 ) ;
#2358 = DIRECTION ( 'NONE',  ( 0.000000000000000000, -1.000000000000000000, 0.000000000000000000 ) ) ;
#2359 = CIRCLE ( 'NONE', #162, 0.1344000000000000750 ) ;
#2360 = AXIS2_PLACEMENT_3D ( 'NONE', #1816, #895, #2478 ) ;
#2361 = ORIENTED_EDGE ( 'NONE', *, *, #2168, .T. ) ;
#2362 = CARTESIAN_POINT ( 'NONE',  ( -1.605000000000000204, 0.2300000000000000100, -1.979999999999999316 ) ) ;
#2363 = CIRCLE ( 'NONE', #1092, 0.06425000000000027911 ) ;
#2364 = VERTEX_POINT ( 'NONE', #2265 ) ;
#2365 = APPROVAL_STATUS ( 'not_yet_approved' ) ;
#2366 = CARTESIAN_POINT ( 'NONE',  ( -1.125000000000000444, 0.000000000000000000, 0.06425000000000027911 ) ) ;
#2367 = CARTESIAN_POINT ( 'NONE',  ( -1.125000000000000666, 0.2500000000000000000, -1.499999999999999778 ) ) ;
#2368 = LINE ( 'NONE', #1293, #1002 ) ;
#2369 = CARTESIAN_POINT ( 'NONE',  ( -1.125000000000000666, 0.1380000000000002058, -1.609399999999999720 ) ) ;
#2370 = LINE ( 'NONE', #1265, #1325 ) ;
#2371 = EDGE_CURVE ( 'NONE', #2454, #758, #38, .T. ) ;
#2372 = VERTEX_POINT ( 'NONE', #2277 ) ;
#2373 = ADVANCED_FACE ( 'NONE', ( #2244 ), #480, .F. ) ;
#2374 = FACE_OUTER_BOUND ( 'NONE', #179, .T. ) ;
#2375 = ORIENTED_EDGE ( 'NONE', *, *, #1331, .T. ) ;
#2376 = EDGE_CURVE ( 'NONE', #2342, #492, #2390, .T. ) ;
#2377 = CARTESIAN_POINT ( 'NONE',  ( -0.6250000000000004441, 0.1250000000000000278, -1.991715728752537329 ) ) ;
#2378 = DIRECTION ( 'NONE',  ( -0.000000000000000000, 1.000000000000000000, -0.000000000000000000 ) ) ;
#2379 = DIRECTION ( 'NONE',  ( -0.000000000000000000, 1.000000000000000000, -0.000000000000000000 ) ) ;
#2380 = LINE ( 'NONE', #1933, #1201 ) ;
#2381 = DIRECTION ( 'NONE',  ( -0.000000000000000000, 1.000000000000000000, -0.000000000000000000 ) ) ;
#2382 = ORIENTED_EDGE ( 'NONE', *, *, #1915, .T. ) ;
#2383 = ADVANCED_FACE ( 'NONE', ( #409 ), #2515, .T. ) ;
#2384 = LINE ( 'NONE', #1020, #2388 ) ;
#2385 = EDGE_CURVE ( 'NONE', #592, #2673, #658, .T. ) ;
#2386 = AXIS2_PLACEMENT_3D ( 'NONE', #1453, #1888, #2820 ) ;
#2387 = ORIENTED_EDGE ( 'NONE', *, *, #78, .T. ) ;
#2388 = VECTOR ( 'NONE', #800, 39.37007874015748143 ) ;
#2389 = SPHERICAL_SURFACE ( 'NONE', #667, 0.02000000000000000042 ) ;
#2390 = CIRCLE ( 'NONE', #2805, 0.06425000000000000155 ) ;
#2391 = DIRECTION ( 'NONE',  ( 0.000000000000000000, 0.000000000000000000, -1.000000000000000000 ) ) ;
#2392 = DIRECTION ( 'NONE',  ( -1.365923996832131609E-16, 0.000000000000000000, -1.000000000000000000 ) ) ;
#2393 = FACE_OUTER_BOUND ( 'NONE', #937, .T. ) ;
#2394 = CIRCLE ( 'NONE', #844, 0.1093999999999996642 ) ;
#2395 = CARTESIAN_POINT ( 'NONE',  ( -1.125000000000000666, 0.2500000000000001110, -0.7499999999999997780 ) ) ;
#2396 = AXIS2_PLACEMENT_3D ( 'NONE', #2237, #495, #1382 ) ;
#2397 = EDGE_LOOP ( 'NONE', ( #826, #207, #1230, #1311 ) ) ;
#2398 = LINE ( 'NONE', #2279, #1778 ) ;
#2399 = VECTOR ( 'NONE', #165, 39.37007874015748143 ) ;
#2400 = CIRCLE ( 'NONE', #906, 0.02000000000000005940 ) ;
#2401 = CONICAL_SURFACE ( 'NONE', #1598, 0.1343999999999999362, 0.7853981633974497223 ) ;
#2402 = EDGE_LOOP ( 'NONE', ( #242, #2838, #1332, #408 ) ) ;
#2403 = ORIENTED_EDGE ( 'NONE', *, *, #173, .T. ) ;
#2404 = CARTESIAN_POINT ( 'NONE',  ( 1.624999999999999778, 0.2500000000000000000, -1.999999999999999334 ) ) ;
#2405 = EDGE_CURVE ( 'NONE', #410, #11, #1266, .T. ) ;
#2406 = EDGE_CURVE ( 'NONE', #2050, #1762, #1128, .T. ) ;
#2407 = DIRECTION ( 'NONE',  ( 0.000000000000000000, 0.000000000000000000, 1.000000000000000000 ) ) ;
#2408 = DIRECTION ( 'NONE',  ( -2.731847993664262824E-15, 0.000000000000000000, 1.000000000000000000 ) ) ;
#2409 = DIRECTION ( 'NONE',  ( -0.000000000000000000, 1.000000000000000000, -0.000000000000000000 ) ) ;
#2410 = DIRECTION ( 'NONE',  ( -0.000000000000000000, 1.000000000000000000, -0.000000000000000000 ) ) ;
#2411 = EDGE_CURVE ( 'NONE', #2046, #291, #2394, .T. ) ;
#2412 = ORIENTED_EDGE ( 'NONE', *, *, #2776, .F. ) ;
#2413 = ORIENTED_EDGE ( 'NONE', *, *, #1699, .T. ) ;
#2414 = CARTESIAN_POINT ( 'NONE',  ( -1.604999999999999760, 0.2300000000000000100, 2.000000000000000444 ) ) ;
#2415 = VERTEX_POINT ( 'NONE', #2187 ) ;
#2416 = VERTEX_POINT ( 'NONE', #66 ) ;
#2417 = CARTESIAN_POINT ( 'NONE',  ( 0.3749999999999998335, 0.2500000000000000000, 1.500000000000000444 ) ) ;
#2418 = DIRECTION ( 'NONE',  ( 0.000000000000000000, 0.000000000000000000, -1.000000000000000000 ) ) ;
#2419 = DIRECTION ( 'NONE',  ( 0.000000000000000000, 0.000000000000000000, 1.000000000000000000 ) ) ;
#2420 = CARTESIAN_POINT ( 'NONE',  ( 1.124999999999999778, 0.000000000000000000, 1.564250000000000362 ) ) ;
#2421 = CARTESIAN_POINT ( 'NONE',  ( -1.125000000000000444, 0.000000000000000000, 2.731847993664263218E-16 ) ) ;
#2422 = FACE_OUTER_BOUND ( 'NONE', #28, .T. ) ;
#2423 = AXIS2_PLACEMENT_3D ( 'NONE', #2763, #2522, #290 ) ;
#2424 = EDGE_LOOP ( 'NONE', ( #730, #1018, #331, #2860 ) ) ;
#2425 = ADVANCED_FACE ( 'NONE', ( #2293, #1386 ), #740, .F. ) ;
#2426 = CARTESIAN_POINT ( 'NONE',  ( -0.6450000000000001288, 0.2500000000000000000, 0.7438262308510098508 ) ) ;
#2427 = VERTEX_POINT ( 'NONE', #1165 ) ;
#2428 = ORIENTED_EDGE ( 'NONE', *, *, #1887, .T. ) ;
#2429 = CARTESIAN_POINT ( 'NONE',  ( 0.3749999999999998335, 0.2500000000000001110, 1.634400000000000519 ) ) ;
#2430 = DIRECTION ( 'NONE',  ( 0.000000000000000000, 0.7071067811865464625, 0.7071067811865484609 ) ) ;
#2431 = DIRECTION ( 'NONE',  ( 0.000000000000000000, 0.000000000000000000, 1.000000000000000000 ) ) ;
#2432 = FACE_BOUND ( 'NONE', #541, .T. ) ;
#2433 = CARTESIAN_POINT ( 'NONE',  ( -1.125000000000000222, 0.2500000000000001110, 1.500000000000000444 ) ) ;
#2434 = ORIENTED_EDGE ( 'NONE', *, *, #8, .T. ) ;
#2435 = VECTOR ( 'NONE', #339, 39.37007874015748143 ) ;
#2436 = CYLINDRICAL_SURFACE ( 'NONE', #1736, 0.02000000000000005940 ) ;
#2437 = AXIS2_PLACEMENT_3D ( 'NONE', #2604, #390, #1281 ) ;
#2438 = ORIENTED_EDGE ( 'NONE', *, *, #2732, .F. ) ;
#2439 = EDGE_CURVE ( 'NONE', #2177, #859, #1181, .T. ) ;
#2440 = AXIS2_PLACEMENT_3D ( 'NONE', #2707, #1784, #2492 ) ;
#2441 = CYLINDRICAL_SURFACE ( 'NONE', #2772, 0.02000000000000005940 ) ;
#2442 = CARTESIAN_POINT ( 'NONE',  ( 0.3749999999999998335, 0.1380000000000002058, 1.390600000000000502 ) ) ;
#2443 = EDGE_LOOP ( 'NONE', ( #2844, #2250, #1664, #1109, #701, #2459, #2831, #516 ) ) ;
#2444 = AXIS2_PLACEMENT_3D ( 'NONE', #1401, #1387, #2742 ) ;
#2445 = ORIENTED_EDGE ( 'NONE', *, *, #2744, .F. ) ;
#2446 = AXIS2_PLACEMENT_3D ( 'NONE', #2835, #1721, #1931 ) ;
#2447 = DIRECTION ( 'NONE',  ( 0.000000000000000000, 0.7071067811865464625, 0.7071067811865484609 ) ) ;
#2448 = CARTESIAN_POINT ( 'NONE',  ( -1.125000000000000444, 0.1380000000000002058, 0.7500000000000003331 ) ) ;
#2449 = CARTESIAN_POINT ( 'NONE',  ( -1.125000000000000666, 0.2250000000000000611, -1.390600000000000280 ) ) ;
#2450 = PLANE ( 'NONE',  #2725 ) ;
#2451 = DIRECTION ( 'NONE',  ( -0.000000000000000000, 1.000000000000000000, -0.000000000000000000 ) ) ;
#2452 = ORIENTED_EDGE ( 'NONE', *, *, #2385, .T. ) ;
#2453 = DIRECTION ( 'NONE',  ( 0.000000000000000000, 0.000000000000000000, -1.000000000000000000 ) ) ;
#2454 = VERTEX_POINT ( 'NONE', #2698 ) ;
#2455 = FACE_OUTER_BOUND ( 'NONE', #625, .T. ) ;
#2456 = VECTOR ( 'NONE', #2026, 39.37007874015748143 ) ;
#2457 = ADVANCED_FACE ( 'NONE', ( #709 ), #1596, .F. ) ;
#2458 = ORIENTED_EDGE ( 'NONE', *, *, #1519, .F. ) ;
#2459 = ORIENTED_EDGE ( 'NONE', *, *, #387, .T. ) ;
#2460 = EDGE_CURVE ( 'NONE', #487, #675, #944, .T. ) ;
#2461 = CARTESIAN_POINT ( 'NONE',  ( 0.3749999999999998335, 0.2250000000000000611, 1.500000000000000444 ) ) ;
#2462 = CARTESIAN_POINT ( 'NONE',  ( -1.625000000000000222, 0.2500000000000000000, -1.979999999999999316 ) ) ;
#2463 = ADVANCED_FACE ( 'NONE', ( #726 ), #2251, .F. ) ;
#2464 = CARTESIAN_POINT ( 'NONE',  ( 1.625000000000000222, 0.2500000000000000000, 1.980000000000000426 ) ) ;
#2465 = FACE_BOUND ( 'NONE', #85, .T. ) ;
#2466 = DIRECTION ( 'NONE',  ( 0.000000000000000000, 0.000000000000000000, 1.000000000000000000 ) ) ;
#2467 = DIRECTION ( 'NONE',  ( -0.000000000000000000, 1.000000000000000000, -0.000000000000000000 ) ) ;
#2468 = DIRECTION ( 'NONE',  ( 0.000000000000000000, 0.000000000000000000, 1.000000000000000000 ) ) ;
#2469 = ORIENTED_EDGE ( 'NONE', *, *, #557, .T. ) ;
#2470 = EDGE_CURVE ( 'NONE', #859, #45, #661, .T. ) ;
#2471 = DIRECTION ( 'NONE',  ( 0.000000000000000000, 0.000000000000000000, 1.000000000000000000 ) ) ;
#2472 = ORIENTED_EDGE ( 'NONE', *, *, #459, .F. ) ;
#2473 = ORIENTED_EDGE ( 'NONE', *, *, #493, .T. ) ;
#2474 = EDGE_CURVE ( 'NONE', #1880, #2750, #1727, .T. ) ;
#2475 = PLANE ( 'NONE',  #734 ) ;
#2476 = DIRECTION ( 'NONE',  ( -0.000000000000000000, 1.000000000000000000, -0.000000000000000000 ) ) ;
#2477 = DIRECTION ( 'NONE',  ( -0.000000000000000000, 1.000000000000000000, -0.000000000000000000 ) ) ;
#2478 = DIRECTION ( 'NONE',  ( -1.000000000000000000, 0.000000000000000000, 1.365923996832128651E-16 ) ) ;
#2479 = SPHERICAL_SURFACE ( 'NONE', #1390, 0.02000000000000000042 ) ;
#2480 = AXIS2_PLACEMENT_3D ( 'NONE', #2141, #174, #2797 ) ;
#2481 = AXIS2_PLACEMENT_3D ( 'NONE', #748, #263, #981 ) ;
#2482 = DIRECTION ( 'NONE',  ( 0.000000000000000000, -1.000000000000000000, -1.365923996832132280E-14 ) ) ;
#2483 = CARTESIAN_POINT ( 'NONE',  ( -1.125000000000000444, 0.1380000000000002058, 0.1094000000000000666 ) ) ;
#2484 = ORIENTED_EDGE ( 'NONE', *, *, #1207, .T. ) ;
#2485 = CIRCLE ( 'NONE', #2013, 0.1343999999999999362 ) ;
#2486 = CARTESIAN_POINT ( 'NONE',  ( 0.000000000000000000, 0.000000000000000000, 1.980000000000000426 ) ) ;
#2487 = ORIENTED_EDGE ( 'NONE', *, *, #2211, .T. ) ;
#2488 = ORIENTED_EDGE ( 'NONE', *, *, #823, .T. ) ;
#2489 = VERTEX_POINT ( 'NONE', #2366 ) ;
#2490 = CYLINDRICAL_SURFACE ( 'NONE', #2423, 0.02000000000000005940 ) ;
#2491 = TOROIDAL_SURFACE ( 'NONE', #1231, 0.1450000000000000455, 0.02000000000000000042 ) ;
#2492 = DIRECTION ( 'NONE',  ( 0.000000000000000000, 0.000000000000000000, 1.000000000000000000 ) ) ;
#2493 = VECTOR ( 'NONE', #652, 39.37007874015748143 ) ;
#2494 = FACE_BOUND ( 'NONE', #628, .T. ) ;
#2495 = VECTOR ( 'NONE', #1897, 39.37007874015748143 ) ;
#2496 = DIRECTION ( 'NONE',  ( -0.000000000000000000, 1.000000000000000000, -0.000000000000000000 ) ) ;
#2497 = AXIS2_PLACEMENT_3D ( 'NONE', #1594, #2240, #2004 ) ;
#2498 = EDGE_CURVE ( 'NONE', #113, #131, #363, .T. ) ;
#2499 = CARTESIAN_POINT ( 'NONE',  ( 1.625000000000000666, 0.1250000000000000000, 1.000000000000000444 ) ) ;
#2500 = EDGE_CURVE ( 'NONE', #560, #1602, #1902, .T. ) ;
#2501 = FACE_OUTER_BOUND ( 'NONE', #445, .T. ) ;
#2502 = CARTESIAN_POINT ( 'NONE',  ( -0.6250000000000000000, 0.2300000000000000100, 1.000000000000000000 ) ) ;
#2503 = EDGE_LOOP ( 'NONE', ( #40, #2193, #1842, #721, #275, #2387, #2032, #2702, #1589, #1728 ) ) ;
#2504 = VERTEX_POINT ( 'NONE', #2112 ) ;
#2505 = ADVANCED_FACE ( 'NONE', ( #1251 ), #2138, .F. ) ;
#2506 = CARTESIAN_POINT ( 'NONE',  ( -0.5107070876104509161, 0.2500000000000000000, 1.089230769230769669 ) ) ;
#2507 = ORIENTED_EDGE ( 'NONE', *, *, #2192, .T. ) ;
#2508 = EDGE_LOOP ( 'NONE', ( #1557, #563, #2861 ) ) ;
#2509 = PLANE ( 'NONE',  #2289 ) ;
#2510 = EDGE_LOOP ( 'NONE', ( #868, #2346 ) ) ;
#2511 = DIRECTION ( 'NONE',  ( -0.000000000000000000, 1.000000000000000000, -0.000000000000000000 ) ) ;
#2512 = AXIS2_PLACEMENT_3D ( 'NONE', #1116, #1308, #266 ) ;
#2513 = VECTOR ( 'NONE', #1304, 39.37007874015748143 ) ;
#2514 = DIRECTION ( 'NONE',  ( 0.000000000000000000, -0.000000000000000000, 1.000000000000000000 ) ) ;
#2515 = CYLINDRICAL_SURFACE ( 'NONE', #2303, 0.02000000000000005940 ) ;
#2516 = DIRECTION ( 'NONE',  ( 0.000000000000000000, 0.000000000000000000, 1.000000000000000000 ) ) ;
#2517 = FACE_OUTER_BOUND ( 'NONE', #1405, .T. ) ;
#2518 = ORIENTED_EDGE ( 'NONE', *, *, #1629, .F. ) ;
#2519 = DIRECTION ( 'NONE',  ( -0.000000000000000000, 1.000000000000000000, -0.000000000000000000 ) ) ;
#2520 = VERTEX_POINT ( 'NONE', #121 ) ;
#2521 = VERTEX_POINT ( 'NONE', #1640 ) ;
#2522 = DIRECTION ( 'NONE',  ( -1.000000000000000000, 0.000000000000000000, 0.000000000000000000 ) ) ;
#2523 = ORIENTED_EDGE ( 'NONE', *, *, #921, .F. ) ;
#2524 = PERSON_AND_ORGANIZATION_ROLE ( 'creator' ) ;
#2525 = CARTESIAN_POINT ( 'NONE',  ( -1.125000000000000444, 0.1380000000000002058, 0.6406000000000005024 ) ) ;
#2526 = CARTESIAN_POINT ( 'NONE',  ( -1.605000000000000204, 0.2300000000000000100, -1.979999999999999316 ) ) ;
#2527 = CARTESIAN_POINT ( 'NONE',  ( -1.625000000000000222, 0.2500000000000000000, -1.999999999999999334 ) ) ;
#2528 = DIRECTION ( 'NONE',  ( 1.000000000000000000, 0.000000000000000000, 0.000000000000000000 ) ) ;
#2529 = VERTEX_POINT ( 'NONE', #790 ) ;
#2530 = AXIS2_PLACEMENT_3D ( 'NONE', #411, #398, #1094 ) ;
#2531 = ORIENTED_EDGE ( 'NONE', *, *, #1207, .F. ) ;
#2532 = ADVANCED_FACE ( 'NONE', ( #1024 ), #972, .F. ) ;
#2533 = VECTOR ( 'NONE', #2008, 39.37007874015748143 ) ;
#2534 = ORIENTED_EDGE ( 'NONE', *, *, #99, .F. ) ;
#2535 = AXIS2_PLACEMENT_3D ( 'NONE', #109, #754, #315 ) ;
#2536 = DIRECTION ( 'NONE',  ( -0.000000000000000000, 1.000000000000000000, -0.000000000000000000 ) ) ;
#2537 = ORIENTED_EDGE ( 'NONE', *, *, #393, .T. ) ;
#2538 = AXIS2_PLACEMENT_3D ( 'NONE', #2291, #2053, #1111 ) ;
#2539 = DIRECTION ( 'NONE',  ( 0.000000000000000000, 0.000000000000000000, 1.000000000000000000 ) ) ;
#2540 = VECTOR ( 'NONE', #514, 39.37007874015748143 ) ;
#2541 = VECTOR ( 'NONE', #126, 39.37007874015748854 ) ;
#2542 = CIRCLE ( 'NONE', #854, 0.02000000000000005940 ) ;
#2543 = DIRECTION ( 'NONE',  ( 8.659560562354943952E-17, 0.7071067811865464625, -0.7071067811865484609 ) ) ;
#2544 = AXIS2_PLACEMENT_3D ( 'NONE', #1868, #1674, #86 ) ;
#2545 = DIRECTION ( 'NONE',  ( 0.000000000000000000, -1.000000000000000000, 0.000000000000000000 ) ) ;
#2546 = ORIENTED_EDGE ( 'NONE', *, *, #1758, .F. ) ;
#2547 = CARTESIAN_POINT ( 'NONE',  ( -1.125000000000000666, 0.1380000000000002058, -0.6857499999999994156 ) ) ;
#2548 = ORIENTED_EDGE ( 'NONE', *, *, #686, .F. ) ;
#2549 = ORIENTED_EDGE ( 'NONE', *, *, #904, .T. ) ;
#2550 = ADVANCED_FACE ( 'NONE', ( #1414, #2568 ), #326, .F. ) ;
#2551 = DIRECTION ( 'NONE',  ( 0.000000000000000000, 0.000000000000000000, 1.000000000000000000 ) ) ;
#2552 = EDGE_LOOP ( 'NONE', ( #379, #1422, #320, #1379 ) ) ;
#2553 = PERSON_AND_ORGANIZATION_ROLE ( 'creator' ) ;
#2554 = EDGE_CURVE ( 'NONE', #1602, #857, #2752, .T. ) ;
#2555 = VECTOR ( 'NONE', #1533, 39.37007874015748143 ) ;
#2556 = DIRECTION ( 'NONE',  ( -0.000000000000000000, 1.000000000000000000, -0.000000000000000000 ) ) ;
#2557 = ADVANCED_FACE ( 'NONE', ( #770 ), #751, .F. ) ;
#2558 = CARTESIAN_POINT ( 'NONE',  ( -1.624999999999999778, 0.2300000000000000100, 1.980000000000000426 ) ) ;
#2559 = DIRECTION ( 'NONE',  ( -0.000000000000000000, 1.000000000000000000, -0.000000000000000000 ) ) ;
#2560 = DIRECTION ( 'NONE',  ( 1.365923996832127389E-14, 0.000000000000000000, 1.000000000000000000 ) ) ;
#2561 = CARTESIAN_POINT ( 'NONE',  ( -1.125000000000000666, 0.2500000000000000000, -0.6405999999999999472 ) ) ;
#2562 = EDGE_CURVE ( 'NONE', #860, #2080, #2113, .T. ) ;
#2563 = ORIENTED_EDGE ( 'NONE', *, *, #305, .T. ) ;
#2564 = DIRECTION ( 'NONE',  ( -0.000000000000000000, 1.000000000000000000, -0.000000000000000000 ) ) ;
#2565 = ORIENTED_EDGE ( 'NONE', *, *, #1629, .T. ) ;
#2566 = MECHANICAL_CONTEXT ( 'NONE', #1035, 'mechanical' ) ;
#2567 = EDGE_CURVE ( 'NONE', #566, #2691, #615, .T. ) ;
#2568 = FACE_OUTER_BOUND ( 'NONE', #1189, .T. ) ;
#2569 = CARTESIAN_POINT ( 'NONE',  ( -1.604999999999999760, 0.02000000000000000042, 1.980000000000000426 ) ) ;
#2570 = LINE ( 'NONE', #529, #385 ) ;
#2571 = CARTESIAN_POINT ( 'NONE',  ( -0.3750000000000002220, 0.2500000000000001110, 1.634400000000000519 ) ) ;
#2572 = DIRECTION ( 'NONE',  ( 0.000000000000000000, 0.000000000000000000, 1.000000000000000000 ) ) ;
#2573 = CIRCLE ( 'NONE', #89, 0.06425000000000000155 ) ;
#2574 = VERTEX_POINT ( 'NONE', #1431 ) ;
#2575 = DIRECTION ( 'NONE',  ( 0.000000000000000000, 0.000000000000000000, 1.000000000000000000 ) ) ;
#2576 = ORIENTED_EDGE ( 'NONE', *, *, #1672, .F. ) ;
#2577 = DATE_AND_TIME ( #555, #1831 ) ;
#2578 = AXIS2_PLACEMENT_3D ( 'NONE', #633, #678, #1084 ) ;
#2579 = DIRECTION ( 'NONE',  ( 0.000000000000000000, 0.000000000000000000, 1.000000000000000000 ) ) ;
#2580 = DIRECTION ( 'NONE',  ( 0.000000000000000000, 0.000000000000000000, 1.000000000000000000 ) ) ;
#2581 = CARTESIAN_POINT ( 'NONE',  ( -1.125000000000000444, 0.1380000000000002058, 0.7500000000000003331 ) ) ;
#2582 = EDGE_CURVE ( 'NONE', #2521, #1502, #1780, .T. ) ;
#2583 = CARTESIAN_POINT ( 'NONE',  ( 0.3749999999999998335, 0.1380000000000002058, 1.500000000000000444 ) ) ;
#2584 = CONICAL_SURFACE ( 'NONE', #1549, 0.1344000000000000750, 0.7853981633974497223 ) ;
#2585 = ADVANCED_FACE ( 'NONE', ( #1208 ), #2156, .F. ) ;
#2586 = CIRCLE ( 'NONE', #544, 0.1093999999999996642 ) ;
#2587 = CARTESIAN_POINT ( 'NONE',  ( -1.604999999999999760, 0.01999999999999999001, 2.000000000000000444 ) ) ;
#2588 = AXIS2_PLACEMENT_3D ( 'NONE', #2852, #855, #1119 ) ;
#2589 = ADVANCED_FACE ( 'NONE', ( #1892 ), #2620, .F. ) ;
#2590 = ORIENTED_EDGE ( 'NONE', *, *, #1588, .T. ) ;
#2591 = DIRECTION ( 'NONE',  ( -0.000000000000000000, 1.000000000000000000, -0.000000000000000000 ) ) ;
#2592 = ORIENTED_EDGE ( 'NONE', *, *, #1463, .F. ) ;
#2593 = CARTESIAN_POINT ( 'NONE',  ( -0.3750000000000002220, 0.2500000000000001110, 1.634400000000000519 ) ) ;
#2594 = AXIS2_PLACEMENT_3D ( 'NONE', #2433, #1978, #2229 ) ;
#2595 = CARTESIAN_POINT ( 'NONE',  ( -1.125000000000000222, 0.000000000000000000, 1.564250000000000362 ) ) ;
#2596 = FACE_OUTER_BOUND ( 'NONE', #2336, .T. ) ;
#2597 = DIRECTION ( 'NONE',  ( 0.000000000000000000, 0.000000000000000000, 1.000000000000000000 ) ) ;
#2598 = EDGE_CURVE ( 'NONE', #1779, #12, #1877, .T. ) ;
#2599 = DIRECTION ( 'NONE',  ( -0.000000000000000000, 1.000000000000000000, -0.000000000000000000 ) ) ;
#2600 = ORIENTED_EDGE ( 'NONE', *, *, #975, .F. ) ;
#2601 = CARTESIAN_POINT ( 'NONE',  ( -1.605000000000000204, 0.000000000000000000, -1.979999999999999316 ) ) ;
#2602 = ORIENTED_EDGE ( 'NONE', *, *, #1672, .T. ) ;
#2603 = PLANE ( 'NONE',  #2256 ) ;
#2604 = CARTESIAN_POINT ( 'NONE',  ( 0.3749999999999998335, 0.2500000000000001110, 1.500000000000000444 ) ) ;
#2605 = FACE_OUTER_BOUND ( 'NONE', #1563, .T. ) ;
#2606 = CARTESIAN_POINT ( 'NONE',  ( -1.125000000000000444, 0.000000000000000000, 0.6857500000000003038 ) ) ;
#2607 = CARTESIAN_POINT ( 'NONE',  ( -1.625000000000000222, 0.2300000000000000100, -1.999999999999999334 ) ) ;
#2608 = ORIENTED_EDGE ( 'NONE', *, *, #979, .T. ) ;
#2609 = ADVANCED_FACE ( 'NONE', ( #1068 ), #846, .F. ) ;
#2610 = AXIS2_PLACEMENT_3D ( 'NONE', #2145, #333, #1899 ) ;
#2611 = EDGE_LOOP ( 'NONE', ( #1448, #2174 ) ) ;
#2612 = ORIENTED_EDGE ( 'NONE', *, *, #2674, .F. ) ;
#2613 = EDGE_CURVE ( 'NONE', #755, #1060, #2196, .T. ) ;
#2614 = DIRECTION ( 'NONE',  ( -0.000000000000000000, 1.000000000000000000, -0.000000000000000000 ) ) ;
#2615 = CIRCLE ( 'NONE', #2848, 0.02000000000000005940 ) ;
#2616 = ADVANCED_FACE ( 'NONE', ( #1929 ), #2167, .F. ) ;
#2617 = LINE ( 'NONE', #2795, #481 ) ;
#2618 = CARTESIAN_POINT ( 'NONE',  ( -1.125000000000000444, 0.2500000000000000000, 2.731847993664263218E-16 ) ) ;
#2619 = DIRECTION ( 'NONE',  ( -0.000000000000000000, -0.000000000000000000, 1.000000000000000000 ) ) ;
#2620 = CONICAL_SURFACE ( 'NONE', #1363, 0.1343999999999999362, 0.7853981633974497223 ) ;
#2621 = CARTESIAN_POINT ( 'NONE',  ( -0.3750000000000002220, 0.000000000000000000, 1.500000000000000444 ) ) ;
#2622 = CIRCLE ( 'NONE', #2671, 0.06425000000000000155 ) ;
#2623 = CIRCLE ( 'NONE', #2118, 0.1093999999999997891 ) ;
#2624 = ORIENTED_EDGE ( 'NONE', *, *, #1535, .T. ) ;
#2625 = EDGE_LOOP ( 'NONE', ( #1192, #289, #886, #2829 ) ) ;
#2626 = FACE_OUTER_BOUND ( 'NONE', #802, .T. ) ;
#2627 = AXIS2_PLACEMENT_3D ( 'NONE', #2650, #1523, #2868 ) ;
#2628 = AXIS2_PLACEMENT_3D ( 'NONE', #1056, #2825, #1483 ) ;
#2629 = VERTEX_POINT ( 'NONE', #402 ) ;
#2630 = ORIENTED_EDGE ( 'NONE', *, *, #979, .F. ) ;
#2631 = DIRECTION ( 'NONE',  ( -0.000000000000000000, 1.000000000000000000, -0.000000000000000000 ) ) ;
#2632 = CARTESIAN_POINT ( 'NONE',  ( 0.3749999999999998335, 0.2500000000000001110, 1.365600000000000369 ) ) ;
#2633 = CYLINDRICAL_SURFACE ( 'NONE', #153, 0.06425000000000027911 ) ;
#2634 = CARTESIAN_POINT ( 'NONE',  ( -1.625000000000000222, 0.01999999999999999001, -1.999999999999999334 ) ) ;
#2635 = EDGE_CURVE ( 'NONE', #2529, #813, #389, .T. ) ;
#2636 = PERSON ( 'UNSPECIFIED', 'UNSPECIFIED', 'UNSPECIFIED', ('UNSPECIFIED'), ('UNSPECIFIED'), ('UNSPECIFIED') ) ;
#2637 = CARTESIAN_POINT ( 'NONE',  ( -1.624999999999999778, 0.2500000000000000000, 2.000000000000000444 ) ) ;
#2638 = EDGE_LOOP ( 'NONE', ( #1501, #909, #1439, #2161 ) ) ;
#2639 = ORIENTED_EDGE ( 'NONE', *, *, #1636, .T. ) ;
#2640 = CIRCLE ( 'NONE', #2512, 0.1093999999999996642 ) ;
#2641 = DIRECTION ( 'NONE',  ( 0.000000000000000000, 1.000000000000000000, 0.000000000000000000 ) ) ;
#2642 = ORIENTED_EDGE ( 'NONE', *, *, #1636, .F. ) ;
#2643 = VERTEX_POINT ( 'NONE', #169 ) ;
#2644 = DIRECTION ( 'NONE',  ( 0.000000000000000000, 0.000000000000000000, 1.000000000000000000 ) ) ;
#2645 = CARTESIAN_POINT ( 'NONE',  ( 0.3749999999999998335, 0.1380000000000002058, 1.435749999999999860 ) ) ;
#2646 = PLANE ( 'NONE',  #2497 ) ;
#2647 = CYLINDRICAL_SURFACE ( 'NONE', #216, 0.02000000000000005940 ) ;
#2648 = EDGE_CURVE ( 'NONE', #920, #2691, #1037, .T. ) ;
#2649 = ORIENTED_EDGE ( 'NONE', *, *, #998, .T. ) ;
#2650 = CARTESIAN_POINT ( 'NONE',  ( -1.015600000000000724, 0.1380000000000002058, 2.731847993664263218E-16 ) ) ;
#2651 = ORIENTED_EDGE ( 'NONE', *, *, #762, .T. ) ;
#2652 = DIRECTION ( 'NONE',  ( 0.000000000000000000, 0.7071067811865464625, 0.7071067811865484609 ) ) ;
#2653 = SPHERICAL_SURFACE ( 'NONE', #1913, 0.02000000000000000042 ) ;
#2654 = ORIENTED_EDGE ( 'NONE', *, *, #769, .F. ) ;
#2655 = ORIENTED_EDGE ( 'NONE', *, *, #2101, .T. ) ;
#2656 = CARTESIAN_POINT ( 'NONE',  ( 1.234399999999999720, 0.1380000000000002058, 1.500000000000000444 ) ) ;
#2657 = CARTESIAN_POINT ( 'NONE',  ( 1.124999999999999778, 0.2250000000000000611, 1.390600000000000502 ) ) ;
#2658 = AXIS2_PLACEMENT_3D ( 'NONE', #1514, #948, #1287 ) ;
#2659 = DIRECTION ( 'NONE',  ( -0.000000000000000000, 1.000000000000000000, -0.000000000000000000 ) ) ;
#2660 = CARTESIAN_POINT ( 'NONE',  ( -1.125000000000000666, 0.2250000000000000611, -1.609399999999999720 ) ) ;
#2661 = DIRECTION ( 'NONE',  ( 0.000000000000000000, 0.000000000000000000, 1.000000000000000000 ) ) ;
#2662 = EDGE_LOOP ( 'NONE', ( #624, #1650, #522, #564 ) ) ;
#2663 = AXIS2_PLACEMENT_3D ( 'NONE', #1147, #2039, #2259 ) ;
#2664 = ADVANCED_FACE ( 'NONE', ( #2822 ), #2389, .T. ) ;
#2665 = AXIS2_PLACEMENT_3D ( 'NONE', #1614, #988, #1670 ) ;
#2666 = DIRECTION ( 'NONE',  ( 1.000000000000000000, -0.000000000000000000, 0.000000000000000000 ) ) ;
#2667 = AXIS2_PLACEMENT_3D ( 'NONE', #2769, #134, #1862 ) ;
#2668 = LOCAL_TIME ( 16, 41, 20.00000000000000000, #1861 ) ;
#2669 = ORIENTED_EDGE ( 'NONE', *, *, #2035, .F. ) ;
#2670 = EDGE_CURVE ( 'NONE', #2333, #1995, #2622, .T. ) ;
#2671 = AXIS2_PLACEMENT_3D ( 'NONE', #2833, #388, #1260 ) ;
#2672 = DIRECTION ( 'NONE',  ( 0.000000000000000000, 0.000000000000000000, 1.000000000000000000 ) ) ;
#2673 = VERTEX_POINT ( 'NONE', #2213 ) ;
#2674 = EDGE_CURVE ( 'NONE', #758, #2036, #1273, .T. ) ;
#2675 = AXIS2_PLACEMENT_3D ( 'NONE', #281, #1445, #108 ) ;
#2676 = ORIENTED_EDGE ( 'NONE', *, *, #99, .T. ) ;
#2677 = AXIS2_PLACEMENT_3D ( 'NONE', #679, #234, #18 ) ;
#2678 = CIRCLE ( 'NONE', #806, 0.1250000000000000278 ) ;
#2679 = LINE ( 'NONE', #2429, #2185 ) ;
#2680 = LINE ( 'NONE', #1336, #436 ) ;
#2681 = CARTESIAN_POINT ( 'NONE',  ( -0.3750000000000002220, 0.2250000000000000611, 1.390600000000000502 ) ) ;
#2682 = FACE_BOUND ( 'NONE', #786, .T. ) ;
#2683 = DIRECTION ( 'NONE',  ( -0.000000000000000000, 1.000000000000000000, -0.000000000000000000 ) ) ;
#2684 = ADVANCED_FACE ( 'NONE', ( #1705 ), #2603, .F. ) ;
#2685 = DIRECTION ( 'NONE',  ( 0.000000000000000000, -1.000000000000000000, 0.000000000000000000 ) ) ;
#2686 = FACE_OUTER_BOUND ( 'NONE', #74, .T. ) ;
#2687 = ORIENTED_EDGE ( 'NONE', *, *, #2406, .F. ) ;
#2688 = EDGE_CURVE ( 'NONE', #675, #2821, #2150, .T. ) ;
#2689 = CARTESIAN_POINT ( 'NONE',  ( -1.125000000000000444, 0.2500000000000001110, 0.1344000000000002137 ) ) ;
#2690 = AXIS2_PLACEMENT_3D ( 'NONE', #2421, #1366, #2262 ) ;
#2691 = VERTEX_POINT ( 'NONE', #1054 ) ;
#2692 = ORIENTED_EDGE ( 'NONE', *, *, #759, .T. ) ;
#2693 = DIRECTION ( 'NONE',  ( -0.000000000000000000, 1.000000000000000000, -0.000000000000000000 ) ) ;
#2694 = CARTESIAN_POINT ( 'NONE',  ( -1.125000000000000444, 0.2500000000000000000, 0.8594000000000001638 ) ) ;
#2695 = CARTESIAN_POINT ( 'NONE',  ( 0.3749999999999998335, 0.2250000000000000611, 1.500000000000000444 ) ) ;
#2696 = DIRECTION ( 'NONE',  ( 1.000000000000000000, 0.000000000000000000, -0.000000000000000000 ) ) ;
#2697 = CARTESIAN_POINT ( 'NONE',  ( 1.124999999999999778, 0.2500000000000001110, 1.500000000000000444 ) ) ;
#2698 = CARTESIAN_POINT ( 'NONE',  ( -0.3688262308510104059, 0.1250000000000000000, 1.000000000000000444 ) ) ;
#2699 = CARTESIAN_POINT ( 'NONE',  ( -0.6250000000000000000, 0.2500000000000000000, 1.000000000000000000 ) ) ;
#2700 = ORIENTED_EDGE ( 'NONE', *, *, #1815, .F. ) ;
#2701 = DIRECTION ( 'NONE',  ( -0.000000000000000000, 1.000000000000000000, -0.000000000000000000 ) ) ;
#2702 = ORIENTED_EDGE ( 'NONE', *, *, #156, .T. ) ;
#2703 = ORIENTED_EDGE ( 'NONE', *, *, #2324, .T. ) ;
#2704 = ORIENTED_EDGE ( 'NONE', *, *, #127, .T. ) ;
#2705 = EDGE_CURVE ( 'NONE', #1759, #91, #2021, .T. ) ;
#2706 = DIRECTION ( 'NONE',  ( 0.000000000000000000, -0.000000000000000000, -1.000000000000000000 ) ) ;
#2707 = CARTESIAN_POINT ( 'NONE',  ( -1.125000000000000666, 0.1380000000000002058, -0.7499999999999997780 ) ) ;
#2708 = ADVANCED_FACE ( 'NONE', ( #1099 ), #1291, .T. ) ;
#2709 = DIRECTION ( 'NONE',  ( 0.000000000000000000, 0.000000000000000000, 1.000000000000000000 ) ) ;
#2710 = CARTESIAN_POINT ( 'NONE',  ( -0.3750000000000002220, 0.2500000000000000000, 1.500000000000000444 ) ) ;
#2711 = CIRCLE ( 'NONE', #1717, 0.06425000000000027911 ) ;
#2712 = CARTESIAN_POINT ( 'NONE',  ( -1.125000000000000444, 0.2500000000000000000, 2.731847993664263218E-16 ) ) ;
#2713 = EDGE_CURVE ( 'NONE', #88, #228, #1783, .T. ) ;
#2714 = PLANE ( 'NONE',  #1465 ) ;
#2715 = CARTESIAN_POINT ( 'NONE',  ( 1.624999999999999778, 0.1050000000000000100, -1.999999999999999334 ) ) ;
#2716 = EDGE_LOOP ( 'NONE', ( #1185, #2747 ) ) ;
#2717 = VECTOR ( 'NONE', #236, 39.37007874015748143 ) ;
#2718 = LINE ( 'NONE', #1561, #164 ) ;
#2719 = EDGE_LOOP ( 'NONE', ( #535, #260, #302, #1324 ) ) ;
#2720 = ORIENTED_EDGE ( 'NONE', *, *, #2770, .T. ) ;
#2721 = CARTESIAN_POINT ( 'NONE',  ( 1.604999999999999982, 0.2500000000000000000, -1.999999999999999334 ) ) ;
#2722 = AXIS2_PLACEMENT_3D ( 'NONE', #2089, #96, #742 ) ;
#2723 = ORIENTED_EDGE ( 'NONE', *, *, #393, .F. ) ;
#2724 = LINE ( 'NONE', #2462, #537 ) ;
#2725 = AXIS2_PLACEMENT_3D ( 'NONE', #1339, #2054, #942 ) ;
#2726 = CIRCLE ( 'NONE', #718, 0.06425000000000000155 ) ;
#2727 = DIRECTION ( 'NONE',  ( -1.000000000000000000, 0.000000000000000000, 0.000000000000000000 ) ) ;
#2728 = DIRECTION ( 'NONE',  ( -1.365923996832131609E-16, 0.000000000000000000, -1.000000000000000000 ) ) ;
#2729 = CIRCLE ( 'NONE', #1470, 0.2000000000000000389 ) ;
#2730 = DIRECTION ( 'NONE',  ( -0.000000000000000000, 1.000000000000000000, -0.000000000000000000 ) ) ;
#2731 = ORIENTED_EDGE ( 'NONE', *, *, #178, .T. ) ;
#2732 = EDGE_CURVE ( 'NONE', #323, #255, #1530, .T. ) ;
#2733 = ORIENTED_EDGE ( 'NONE', *, *, #2688, .F. ) ;
#2734 = CARTESIAN_POINT ( 'NONE',  ( -0.3750000000000002220, 0.1380000000000002058, 1.500000000000000444 ) ) ;
#2735 = ORIENTED_EDGE ( 'NONE', *, *, #1081, .F. ) ;
#2736 = ORIENTED_EDGE ( 'NONE', *, *, #426, .F. ) ;
#2737 = CARTESIAN_POINT ( 'NONE',  ( -0.6450000000000001288, 0.2300000000000000100, 0.7438262308510098508 ) ) ;
#2738 = ORIENTED_EDGE ( 'NONE', *, *, #1716, .F. ) ;
#2739 = DATE_AND_TIME ( #1011, #1920 ) ;
#2740 = FACE_OUTER_BOUND ( 'NONE', #1052, .T. ) ;
#2741 = DIRECTION ( 'NONE',  ( 0.000000000000000000, 0.000000000000000000, 1.000000000000000000 ) ) ;
#2742 = DIRECTION ( 'NONE',  ( 0.000000000000000000, 0.000000000000000000, 1.000000000000000000 ) ) ;
#2743 = CARTESIAN_POINT ( 'NONE',  ( -0.3750000000000002220, 0.1380000000000002058, 1.500000000000000444 ) ) ;
#2744 = EDGE_CURVE ( 'NONE', #2867, #2821, #465, .T. ) ;
#2745 = EDGE_LOOP ( 'NONE', ( #2518, #648, #1607, #1244 ) ) ;
#2746 = FACE_BOUND ( 'NONE', #1010, .T. ) ;
#2747 = ORIENTED_EDGE ( 'NONE', *, *, #823, .F. ) ;
#2748 = EDGE_LOOP ( 'NONE', ( #2144, #1857, #1157, #2537 ) ) ;
#2749 = DIRECTION ( 'NONE',  ( 0.000000000000000000, -1.000000000000000000, 0.000000000000000000 ) ) ;
#2750 = VERTEX_POINT ( 'NONE', #2593 ) ;
#2751 = PERSON_AND_ORGANIZATION ( #2636, #2808 ) ;
#2752 = LINE ( 'NONE', #1914, #1415 ) ;
#2753 = CARTESIAN_POINT ( 'NONE',  ( 1.124999999999999778, 0.2500000000000000000, 1.435750000000000082 ) ) ;
#2754 = DIRECTION ( 'NONE',  ( 0.000000000000000000, 0.000000000000000000, 1.000000000000000000 ) ) ;
#2755 = ORIENTED_EDGE ( 'NONE', *, *, #1285, .T. ) ;
#2756 = AXIS2_PLACEMENT_3D ( 'NONE', #1663, #1939, #348 ) ;
#2757 = EDGE_CURVE ( 'NONE', #1886, #2673, #1041, .T. ) ;
#2758 = CARTESIAN_POINT ( 'NONE',  ( 1.605000000000000204, 0.2300000000000000100, 2.000000000000000444 ) ) ;
#2759 = EDGE_CURVE ( 'NONE', #30, #1711, #1575, .T. ) ;
#2760 = VERTEX_POINT ( 'NONE', #2002 ) ;
#2761 = AXIS2_PLACEMENT_3D ( 'NONE', #2367, #404, #1013 ) ;
#2762 = ORIENTED_EDGE ( 'NONE', *, *, #1432, .F. ) ;
#2763 = CARTESIAN_POINT ( 'NONE',  ( -1.625000000000000222, 0.01999999999999999001, -1.979999999999999316 ) ) ;
#2764 = AXIS2_PLACEMENT_3D ( 'NONE', #1668, #1444, #545 ) ;
#2765 = ADVANCED_FACE ( 'NONE', ( #264 ), #511, .T. ) ;
#2766 = APPROVAL_PERSON_ORGANIZATION ( #1847, #1631, #1429 ) ;
#2767 = ORIENTED_EDGE ( 'NONE', *, *, #1891, .T. ) ;
#2768 = VECTOR ( 'NONE', #15, 39.37007874015748143 ) ;
#2769 = CARTESIAN_POINT ( 'NONE',  ( -1.015600000000000502, 0.1380000000000002058, 1.500000000000000444 ) ) ;
#2770 = EDGE_CURVE ( 'NONE', #717, #1609, #760, .T. ) ;
#2771 = CARTESIAN_POINT ( 'NONE',  ( -0.3750000000000002220, 0.2500000000000000000, 1.390600000000000724 ) ) ;
#2772 = AXIS2_PLACEMENT_3D ( 'NONE', #885, #1344, #443 ) ;
#2773 = EDGE_CURVE ( 'NONE', #45, #55, #2724, .T. ) ;
#2774 = LINE ( 'NONE', #1149, #1701 ) ;
#2775 = CYLINDRICAL_SURFACE ( 'NONE', #1424, 0.02000000000000005940 ) ;
#2776 = EDGE_CURVE ( 'NONE', #1215, #2520, #2226, .T. ) ;
#2777 = VERTEX_POINT ( 'NONE', #449 ) ;
#2778 = DIRECTION ( 'NONE',  ( 8.659560562354943952E-17, 0.7071067811865464625, -0.7071067811865484609 ) ) ;
#2779 = EDGE_LOOP ( 'NONE', ( #684, #1391, #2692, #2082 ) ) ;
#2780 = SECURITY_CLASSIFICATION_LEVEL ( 'unclassified' ) ;
#2781 = DIRECTION ( 'NONE',  ( -0.000000000000000000, 1.000000000000000000, -0.000000000000000000 ) ) ;
#2782 = DIRECTION ( 'NONE',  ( 0.000000000000000000, 0.000000000000000000, 1.000000000000000000 ) ) ;
#2783 = DIRECTION ( 'NONE',  ( -0.000000000000000000, 1.000000000000000000, -0.000000000000000000 ) ) ;
#2784 = ORIENTED_EDGE ( 'NONE', *, *, #1007, .T. ) ;
#2785 = CARTESIAN_POINT ( 'NONE',  ( -1.125000000000000222, 0.2500000000000001110, 1.500000000000000444 ) ) ;
#2786 = VERTEX_POINT ( 'NONE', #877 ) ;
#2787 = EDGE_LOOP ( 'NONE', ( #1900, #58, #2488, #1824 ) ) ;
#2788 = CARTESIAN_POINT ( 'NONE',  ( -1.605000000000000204, 0.2500000000000000000, -1.979999999999999316 ) ) ;
#2789 = EDGE_LOOP ( 'NONE', ( #884, #1380, #1079, #837 ) ) ;
#2790 = DIRECTION ( 'NONE',  ( 0.000000000000000000, 0.000000000000000000, 1.000000000000000000 ) ) ;
#2791 = EDGE_CURVE ( 'NONE', #1746, #323, #2160, .T. ) ;
#2792 = CONICAL_SURFACE ( 'NONE', #286, 0.1343999999999999362, 0.7853981633974497223 ) ;
#2793 = EDGE_CURVE ( 'NONE', #196, #2643, #691, .T. ) ;
#2794 = DIRECTION ( 'NONE',  ( -0.000000000000000000, 1.000000000000000000, -0.000000000000000000 ) ) ;
#2795 = CARTESIAN_POINT ( 'NONE',  ( -1.125000000000000222, 0.2500000000000000000, 1.609399999999999942 ) ) ;
#2796 = CYLINDRICAL_SURFACE ( 'NONE', #2164, 0.06425000000000014033 ) ;
#2797 = DIRECTION ( 'NONE',  ( 0.000000000000000000, 0.000000000000000000, 1.000000000000000000 ) ) ;
#2798 = EDGE_CURVE ( 'NONE', #2760, #1997, #61, .T. ) ;
#2799 = CARTESIAN_POINT ( 'NONE',  ( -1.125000000000000444, 0.2500000000000000000, 2.731847993664263218E-16 ) ) ;
#2800 = ORIENTED_EDGE ( 'NONE', *, *, #929, .T. ) ;
#2801 = AXIS2_PLACEMENT_3D ( 'NONE', #282, #1964, #483 ) ;
#2802 = ORIENTED_EDGE ( 'NONE', *, *, #2744, .T. ) ;
#2803 = CARTESIAN_POINT ( 'NONE',  ( 0.3749999999999998335, 0.2500000000000000000, 1.564250000000000584 ) ) ;
#2804 = ORIENTED_EDGE ( 'NONE', *, *, #1488, .T. ) ;
#2805 = AXIS2_PLACEMENT_3D ( 'NONE', #1117, #1625, #930 ) ;
#2806 = CIRCLE ( 'NONE', #1543, 0.1093999999999996642 ) ;
#2807 = VECTOR ( 'NONE', #2467, 39.37007874015748143 ) ;
#2808 = ORGANIZATION ( 'UNSPECIFIED', 'UNSPECIFIED', '' ) ;
#2809 = DIRECTION ( 'NONE',  ( -1.000000000000000000, -0.000000000000000000, -0.000000000000000000 ) ) ;
#2810 = EDGE_CURVE ( 'NONE', #2821, #2643, #1830, .T. ) ;
#2811 = AXIS2_PLACEMENT_3D ( 'NONE', #568, #350, #1237 ) ;
#2812 = CARTESIAN_POINT ( 'NONE',  ( 1.605000000000000204, 0.2300000000000000100, 1.980000000000000426 ) ) ;
#2813 = DIRECTION ( 'NONE',  ( -0.000000000000000000, 1.000000000000000000, -0.000000000000000000 ) ) ;
#2814 = LINE ( 'NONE', #810, #2195 ) ;
#2815 = CIRCLE ( 'NONE', #1834, 0.06425000000000000155 ) ;
#2816 = VECTOR ( 'NONE', #146, 39.37007874015748143 ) ;
#2817 = VECTOR ( 'NONE', #2652, 39.37007874015748854 ) ;
#2818 = CYLINDRICAL_SURFACE ( 'NONE', #1469, 0.06425000000000020972 ) ;
#2819 = ORIENTED_EDGE ( 'NONE', *, *, #1383, .F. ) ;
#2820 = DIRECTION ( 'NONE',  ( 0.000000000000000000, 0.000000000000000000, 1.000000000000000000 ) ) ;
#2821 = VERTEX_POINT ( 'NONE', #659 ) ;
#2822 = FACE_OUTER_BOUND ( 'NONE', #2317, .T. ) ;
#2823 = CIRCLE ( 'NONE', #1936, 0.1093999999999997891 ) ;
#2824 = CARTESIAN_POINT ( 'NONE',  ( 1.625000000000000222, 0.2300000000000000100, 1.020000000000000684 ) ) ;
#2825 = DIRECTION ( 'NONE',  ( 0.000000000000000000, 1.000000000000000000, 0.000000000000000000 ) ) ;
#2826 = CARTESIAN_POINT ( 'NONE',  ( 1.124999999999999778, 0.2500000000000001110, 1.500000000000000444 ) ) ;
#2827 = EDGE_CURVE ( 'NONE', #2760, #369, #2069, .T. ) ;
#2828 = DIRECTION ( 'NONE',  ( 0.000000000000000000, 0.000000000000000000, 1.000000000000000000 ) ) ;
#2829 = ORIENTED_EDGE ( 'NONE', *, *, #867, .F. ) ;
#2830 = CARTESIAN_POINT ( 'NONE',  ( 1.124999999999999778, 0.2250000000000000611, 1.500000000000000444 ) ) ;
#2831 = ORIENTED_EDGE ( 'NONE', *, *, #1643, .T. ) ;
#2832 = EDGE_CURVE ( 'NONE', #2629, #30, #2038, .T. ) ;
#2833 = CARTESIAN_POINT ( 'NONE',  ( -1.125000000000000666, 0.000000000000000000, -1.499999999999999778 ) ) ;
#2834 = CARTESIAN_POINT ( 'NONE',  ( 0.3749999999999998335, 0.000000000000000000, 1.500000000000000444 ) ) ;
#2835 = CARTESIAN_POINT ( 'NONE',  ( -0.6450000000000003508, 0.2300000000000000100, -1.979999999999999316 ) ) ;
#2836 = CARTESIAN_POINT ( 'NONE',  ( 1.625000000000000222, 0.2300000000000000100, 1.980000000000000204 ) ) ;
#2837 = DIRECTION ( 'NONE',  ( -0.000000000000000000, 1.000000000000000000, -0.000000000000000000 ) ) ;
#2838 = ORIENTED_EDGE ( 'NONE', *, *, #476, .F. ) ;
#2839 = ORIENTED_EDGE ( 'NONE', *, *, #2598, .T. ) ;
#2840 = DIRECTION ( 'NONE',  ( -0.000000000000000000, 1.000000000000000000, -0.000000000000000000 ) ) ;
#2841 = AXIS2_PLACEMENT_3D ( 'NONE', #2130, #160, #1959 ) ;
#2842 = VECTOR ( 'NONE', #2564, 39.37007874015748143 ) ;
#2843 = EDGE_LOOP ( 'NONE', ( #640, #2290 ) ) ;
#2844 = ORIENTED_EDGE ( 'NONE', *, *, #2460, .T. ) ;
#2845 = CYLINDRICAL_SURFACE ( 'NONE', #1617, 0.02000000000000005940 ) ;
#2846 = EDGE_CURVE ( 'NONE', #2691, #2177, #2680, .T. ) ;
#2847 = CARTESIAN_POINT ( 'NONE',  ( 1.604999999999999760, 0.1050000000000000100, -1.979999999999999316 ) ) ;
#2848 = AXIS2_PLACEMENT_3D ( 'NONE', #645, #1320, #247 ) ;
#2849 = DIRECTION ( 'NONE',  ( 1.000000000000000000, -0.000000000000000000, 0.000000000000000000 ) ) ;
#2850 = CYLINDRICAL_SURFACE ( 'NONE', #1789, 0.1093999999999997891 ) ;
#2851 = CARTESIAN_POINT ( 'NONE',  ( -0.3750000000000002220, 0.2250000000000000611, 1.609399999999999942 ) ) ;
#2852 = CARTESIAN_POINT ( 'NONE',  ( 1.604999999999999982, 0.1050000000000000100, -1.979999999999999316 ) ) ;
#2853 = ORIENTED_EDGE ( 'NONE', *, *, #672, .F. ) ;
#2854 = CONICAL_SURFACE ( 'NONE', #1836, 0.1344000000000000750, 0.7853981633974497223 ) ;
#2855 = VERTEX_POINT ( 'NONE', #1610 ) ;
#2856 = DIRECTION ( 'NONE',  ( -0.000000000000000000, 1.000000000000000000, 0.000000000000000000 ) ) ;
#2857 = CONICAL_SURFACE ( 'NONE', #1693, 0.1344000000000000750, 0.7853981633974497223 ) ;
#2858 = EDGE_CURVE ( 'NONE', #1995, #2855, #2022, .T. ) ;
#2859 = AXIS2_PLACEMENT_3D ( 'NONE', #2100, #547, #964 ) ;
#2860 = ORIENTED_EDGE ( 'NONE', *, *, #814, .F. ) ;
#2861 = ORIENTED_EDGE ( 'NONE', *, *, #2103, .F. ) ;
#2862 = CARTESIAN_POINT ( 'NONE',  ( -0.3750000000000002220, 0.2500000000000000000, 1.564250000000000584 ) ) ;
#2863 = DIRECTION ( 'NONE',  ( 0.000000000000000000, 0.000000000000000000, 1.000000000000000000 ) ) ;
#2864 = FACE_OUTER_BOUND ( 'NONE', #1103, .T. ) ;
#2865 = PLANE ( 'NONE',  #2677 ) ;
#2866 = LINE ( 'NONE', #2216, #682 ) ;
#2867 = VERTEX_POINT ( 'NONE', #1814 ) ;
#2868 = DIRECTION ( 'NONE',  ( 0.000000000000000000, -0.000000000000000000, -1.000000000000000000 ) ) ;
#2869 = VERTEX_POINT ( 'NONE', #2657 ) ;
#2870 = CIRCLE ( 'NONE', #1104, 0.1093999999999997891 ) ;
#2871 = CARTESIAN_POINT ( 'NONE',  ( -1.125000000000000666, 0.2250000000000000611, -1.499999999999999778 ) ) ;
#2872 = CARTESIAN_POINT ( 'NONE',  ( -1.624999999999999778, 0.2500000000000000000, 1.980000000000000204 ) ) ;
#2873 = VERTEX_POINT ( 'NONE', #475 ) ;
#2874 = ORIENTED_EDGE ( 'NONE', *, *, #274, .T. ) ;
#2875 = DIRECTION ( 'NONE',  ( 0.000000000000000000, 0.000000000000000000, 1.000000000000000000 ) ) ;
ENDSEC;
END-ISO-10303-21;
